2.00E-07;-0.064
4.00E-07;-0.060
6.00E-07;-0.072
8.00E-07;-0.060
1.00E-06;-0.056
1.20E-06;-0.056
1.40E-06;-0.056
1.60E-06;-0.056
1.80E-06;-0.052
2.00E-06;-0.052
2.20E-06;-0.056
2.40E-06;-0.052
2.60E-06;-0.048
2.80E-06;-0.056
3.00E-06;-0.044
3.20E-06;-0.052
3.40E-06;-0.052
3.60E-06;-0.040
3.80E-06;-0.044
4.00E-06;-0.040
4.20E-06;-0.040
4.40E-06;-0.044
4.60E-06;-0.036
4.80E-06;-0.036
5.00E-06;-0.036
5.20E-06;-0.028
5.40E-06;-0.032
5.60E-06;-0.036
5.80E-06;-0.024
6.00E-06;-0.032
6.20E-06;-0.024
6.40E-06;-0.024
6.60E-06;-0.028
6.80E-06;-0.020
7.00E-06;-0.020
7.20E-06;-0.020
7.40E-06;-0.020
7.60E-06;-0.024
7.80E-06;-0.020
8.00E-06;-0.016
8.20E-06;-0.016
8.40E-06;-0.016
8.60E-06;-0.016
8.80E-06;-0.016
9.00E-06;-0.012
9.20E-06;-0.012
9.40E-06;-0.012
9.60E-06;-0.008
9.80E-06;-0.004
1.00E-05;-0.008
1.02E-05;0.004
1.04E-05;0.000
1.06E-05;0.000
1.08E-05;0.004
1.10E-05;0.000
1.12E-05;0.008
1.14E-05;0.012
1.16E-05;0.008
1.18E-05;0.016
1.20E-05;0.008
1.22E-05;0.008
1.24E-05;0.020
1.26E-05;0.020
1.28E-05;0.016
1.30E-05;0.020
1.32E-05;0.016
1.34E-05;0.020
1.36E-05;0.024
1.38E-05;0.020
1.40E-05;0.024
1.42E-05;0.028
1.44E-05;0.028
1.46E-05;0.032
1.48E-05;0.032
1.50E-05;0.032
1.52E-05;0.036
1.54E-05;0.032
1.56E-05;0.036
1.58E-05;0.036
1.60E-05;0.036
1.62E-05;0.044
1.64E-05;0.044
1.66E-05;0.040
1.68E-05;0.040
1.70E-05;0.040
1.72E-05;0.044
1.74E-05;0.052
1.76E-05;0.048
1.78E-05;0.044
1.80E-05;0.056
1.82E-05;0.052
1.84E-05;0.056
1.86E-05;0.052
1.88E-05;0.052
1.90E-05;0.060
1.92E-05;0.064
1.94E-05;0.064
1.96E-05;0.060
1.98E-05;0.056
2.00E-05;0.068
2.02E-05;0.068
2.04E-05;0.068
2.06E-05;0.068
2.08E-05;0.068
2.10E-05;0.072
2.12E-05;0.072
2.14E-05;0.072
2.16E-05;0.072
2.18E-05;0.080
2.20E-05;0.076
2.22E-05;0.076
2.24E-05;0.084
2.26E-05;0.080
2.28E-05;0.088
2.30E-05;0.084
2.32E-05;0.084
2.34E-05;0.088
2.36E-05;0.088
2.38E-05;0.088
2.40E-05;0.096
2.42E-05;0.088
2.44E-05;0.092
2.46E-05;0.096
2.48E-05;0.096
2.50E-05;0.096
2.52E-05;0.104
2.54E-05;0.096
2.56E-05;0.104
2.58E-05;0.108
2.60E-05;0.096
2.62E-05;0.104
2.64E-05;0.104
2.66E-05;0.108
2.68E-05;0.112
2.70E-05;0.104
2.72E-05;0.108
2.74E-05;0.112
2.76E-05;0.108
2.78E-05;0.116
2.80E-05;0.112
2.82E-05;0.116
2.84E-05;0.120
2.86E-05;0.112
2.88E-05;0.112
2.90E-05;0.124
2.92E-05;0.116
2.94E-05;0.124
2.96E-05;0.124
2.98E-05;0.128
3.00E-05;0.128
3.02E-05;0.124
3.04E-05;0.128
3.06E-05;0.132
3.08E-05;0.128
3.10E-05;0.128
3.12E-05;0.132
3.14E-05;0.132
3.16E-05;0.132
3.18E-05;0.140
3.20E-05;0.136
3.22E-05;0.140
3.24E-05;0.140
3.26E-05;0.128
3.28E-05;0.144
3.30E-05;0.144
3.32E-05;0.136
3.34E-05;0.148
3.36E-05;0.140
3.38E-05;0.144
3.40E-05;0.148
3.42E-05;0.144
3.44E-05;0.152
3.46E-05;0.156
3.48E-05;0.144
3.50E-05;0.160
3.52E-05;0.152
3.54E-05;0.156
3.56E-05;0.160
3.58E-05;0.164
3.60E-05;0.152
3.62E-05;0.164
3.64E-05;0.152
3.66E-05;0.164
3.68E-05;0.160
3.70E-05;0.160
3.72E-05;0.168
3.74E-05;0.160
3.76E-05;0.164
3.78E-05;0.168
3.80E-05;0.164
3.82E-05;0.168
3.84E-05;0.172
3.86E-05;0.168
3.88E-05;0.168
3.90E-05;0.172
3.92E-05;0.168
3.94E-05;0.172
3.96E-05;0.172
3.98E-05;0.172
4.00E-05;0.180
4.02E-05;0.176
4.04E-05;0.180
4.06E-05;0.184
4.08E-05;0.176
4.10E-05;0.176
4.12E-05;0.180
4.14E-05;0.172
4.16E-05;0.184
4.18E-05;0.184
4.20E-05;0.180
4.22E-05;0.184
4.24E-05;0.176
4.26E-05;0.184
4.28E-05;0.180
4.30E-05;0.188
4.32E-05;0.184
4.34E-05;0.184
4.36E-05;0.184
4.38E-05;0.192
4.40E-05;0.188
4.42E-05;0.184
4.44E-05;0.192
4.46E-05;0.192
4.48E-05;0.192
4.50E-05;0.196
4.52E-05;0.192
4.54E-05;0.196
4.56E-05;0.200
4.58E-05;0.188
4.60E-05;0.196
4.62E-05;0.196
4.64E-05;0.192
4.66E-05;0.200
4.68E-05;0.192
4.70E-05;0.192
4.72E-05;0.200
4.74E-05;0.196
4.76E-05;0.196
4.78E-05;0.200
4.80E-05;0.204
4.82E-05;0.196
4.84E-05;0.200
4.86E-05;0.196
4.88E-05;0.200
4.90E-05;0.200
4.92E-05;0.196
4.94E-05;0.200
4.96E-05;0.200
4.98E-05;0.204
5.00E-05;0.208
5.02E-05;0.200
5.04E-05;0.212
5.06E-05;0.204
5.08E-05;0.200
5.10E-05;0.208
5.12E-05;0.204
5.14E-05;0.208
5.16E-05;0.204
5.18E-05;0.200
5.20E-05;0.212
5.22E-05;0.208
5.24E-05;0.208
5.26E-05;0.208
5.28E-05;0.212
5.30E-05;0.204
5.32E-05;0.212
5.34E-05;0.204
5.36E-05;0.208
5.38E-05;0.208
5.40E-05;0.208
5.42E-05;0.204
5.44E-05;0.208
5.46E-05;0.208
5.48E-05;0.212
5.50E-05;0.212
5.52E-05;0.212
5.54E-05;0.216
5.56E-05;0.212
5.58E-05;0.212
5.60E-05;0.216
5.62E-05;0.212
5.64E-05;0.208
5.66E-05;0.216
5.68E-05;0.208
5.70E-05;0.216
5.72E-05;0.216
5.74E-05;0.212
5.76E-05;0.212
5.78E-05;0.212
5.80E-05;0.216
5.82E-05;0.216
5.84E-05;0.216
5.86E-05;0.212
5.88E-05;0.212
5.90E-05;0.212
5.92E-05;0.216
5.94E-05;0.216
5.96E-05;0.212
5.98E-05;0.216
6.00E-05;0.212
6.02E-05;0.212
6.04E-05;0.216
6.06E-05;0.216
6.08E-05;0.212
6.10E-05;0.212
6.12E-05;0.208
6.14E-05;0.212
6.16E-05;0.212
6.18E-05;0.208
6.20E-05;0.216
6.22E-05;0.216
6.24E-05;0.204
6.26E-05;0.212
6.28E-05;0.212
6.30E-05;0.208
6.32E-05;0.212
6.34E-05;0.212
6.36E-05;0.216
6.38E-05;0.216
6.40E-05;0.200
6.42E-05;0.212
6.44E-05;0.212
6.46E-05;0.204
6.48E-05;0.212
6.50E-05;0.204
6.52E-05;0.204
6.54E-05;0.212
6.56E-05;0.204
6.58E-05;0.208
6.60E-05;0.208
6.62E-05;0.204
6.64E-05;0.212
6.66E-05;0.208
6.68E-05;0.200
6.70E-05;0.208
6.72E-05;0.204
6.74E-05;0.208
6.76E-05;0.212
6.78E-05;0.204
6.80E-05;0.204
6.82E-05;0.204
6.84E-05;0.200
6.86E-05;0.208
6.88E-05;0.204
6.90E-05;0.204
6.92E-05;0.200
6.94E-05;0.196
6.96E-05;0.200
6.98E-05;0.200
7.00E-05;0.200
7.02E-05;0.204
7.04E-05;0.200
7.06E-05;0.196
7.08E-05;0.200
7.10E-05;0.200
7.12E-05;0.196
7.14E-05;0.196
7.16E-05;0.200
7.18E-05;0.188
7.20E-05;0.196
7.22E-05;0.192
7.24E-05;0.188
7.26E-05;0.196
7.28E-05;0.192
7.30E-05;0.188
7.32E-05;0.200
7.34E-05;0.184
7.36E-05;0.188
7.38E-05;0.184
7.40E-05;0.188
7.42E-05;0.188
7.44E-05;0.184
7.46E-05;0.184
7.48E-05;0.188
7.50E-05;0.180
7.52E-05;0.188
7.54E-05;0.184
7.56E-05;0.176
7.58E-05;0.184
7.60E-05;0.180
7.62E-05;0.176
7.64E-05;0.184
7.66E-05;0.180
7.68E-05;0.176
7.70E-05;0.176
7.72E-05;0.176
7.74E-05;0.180
7.76E-05;0.180
7.78E-05;0.176
7.80E-05;0.176
7.82E-05;0.176
7.84E-05;0.168
7.86E-05;0.172
7.88E-05;0.176
7.90E-05;0.168
7.92E-05;0.168
7.94E-05;0.172
7.96E-05;0.160
7.98E-05;0.172
8.00E-05;0.168
8.02E-05;0.172
8.04E-05;0.164
8.06E-05;0.160
8.08E-05;0.164
8.10E-05;0.160
8.12E-05;0.160
8.14E-05;0.164
8.16E-05;0.156
8.18E-05;0.160
8.20E-05;0.160
8.22E-05;0.148
8.24E-05;0.164
8.26E-05;0.164
8.28E-05;0.148
8.30E-05;0.152
8.32E-05;0.152
8.34E-05;0.144
8.36E-05;0.152
8.38E-05;0.148
8.40E-05;0.148
8.42E-05;0.152
8.44E-05;0.144
8.46E-05;0.148
8.48E-05;0.148
8.50E-05;0.140
8.52E-05;0.140
8.54E-05;0.144
8.56E-05;0.136
8.58E-05;0.140
8.60E-05;0.136
8.62E-05;0.136
8.64E-05;0.136
8.66E-05;0.136
8.68E-05;0.136
8.70E-05;0.132
8.72E-05;0.124
8.74E-05;0.132
8.76E-05;0.132
8.78E-05;0.120
8.80E-05;0.128
8.82E-05;0.120
8.84E-05;0.120
8.86E-05;0.128
8.88E-05;0.120
8.90E-05;0.124
8.92E-05;0.124
8.94E-05;0.116
8.96E-05;0.120
8.98E-05;0.116
9.00E-05;0.112
9.02E-05;0.112
9.04E-05;0.116
9.06E-05;0.112
9.08E-05;0.116
9.10E-05;0.112
9.12E-05;0.112
9.14E-05;0.108
9.16E-05;0.104
9.18E-05;0.104
9.20E-05;0.108
9.22E-05;0.100
9.24E-05;0.096
9.26E-05;0.100
9.28E-05;0.096
9.30E-05;0.092
9.32E-05;0.096
9.34E-05;0.092
9.36E-05;0.096
9.38E-05;0.088
9.40E-05;0.088
9.42E-05;0.092
9.44E-05;0.092
9.46E-05;0.092
9.48E-05;0.092
9.50E-05;0.076
9.52E-05;0.088
9.54E-05;0.080
9.56E-05;0.080
9.58E-05;0.084
9.60E-05;0.080
9.62E-05;0.076
9.64E-05;0.072
9.66E-05;0.072
9.68E-05;0.072
9.70E-05;0.068
9.72E-05;0.072
9.74E-05;0.068
9.76E-05;0.068
9.78E-05;0.064
9.80E-05;0.072
9.82E-05;0.060
9.84E-05;0.056
9.86E-05;0.064
9.88E-05;0.056
9.90E-05;0.064
9.92E-05;0.060
9.94E-05;0.052
9.96E-05;0.052
9.98E-05;0.056
1.00E-04;0.056
1.00E-04;0.052
1.00E-04;0.052
1.01E-04;0.048
1.01E-04;0.052
1.01E-04;0.040
1.01E-04;0.044
1.01E-04;0.048
1.02E-04;0.040
1.02E-04;0.044
1.02E-04;0.036
1.02E-04;0.036
1.02E-04;0.040
1.03E-04;0.036
1.03E-04;0.028
1.03E-04;0.040
1.03E-04;0.028
1.03E-04;0.032
1.04E-04;0.032
1.04E-04;0.028
1.04E-04;0.028
1.04E-04;0.020
1.04E-04;0.016
1.05E-04;0.024
1.05E-04;0.020
1.05E-04;0.020
1.05E-04;0.020
1.05E-04;0.016
1.06E-04;0.016
1.06E-04;0.016
1.06E-04;0.012
1.06E-04;0.016
1.06E-04;0.016
1.07E-04;0.008
1.07E-04;0.008
1.07E-04;0.004
1.07E-04;0.000
1.07E-04;0.004
1.08E-04;0.000
1.08E-04;0.000
1.08E-04;0.000
1.08E-04;0.000
1.08E-04;0.000
1.09E-04;-0.004
1.09E-04;-0.012
1.09E-04;-0.008
1.09E-04;-0.008
1.09E-04;-0.012
1.10E-04;-0.016
1.10E-04;-0.012
1.10E-04;-0.016
1.10E-04;-0.012
1.10E-04;-0.020
1.11E-04;-0.020
1.11E-04;-0.020
1.11E-04;-0.024
1.11E-04;-0.020
1.11E-04;-0.020
1.12E-04;-0.028
1.12E-04;-0.028
1.12E-04;-0.032
1.12E-04;-0.032
1.12E-04;-0.024
1.13E-04;-0.032
1.13E-04;-0.036
1.13E-04;-0.032
1.13E-04;-0.040
1.13E-04;-0.036
1.14E-04;-0.040
1.14E-04;-0.036
1.14E-04;-0.036
1.14E-04;-0.044
1.14E-04;-0.044
1.15E-04;-0.040
1.15E-04;-0.044
1.15E-04;-0.048
1.15E-04;-0.048
1.15E-04;-0.052
1.16E-04;-0.052
1.16E-04;-0.048
1.16E-04;-0.056
1.16E-04;-0.056
1.16E-04;-0.056
1.17E-04;-0.056
1.17E-04;-0.056
1.17E-04;-0.060
1.17E-04;-0.064
1.17E-04;-0.060
1.18E-04;-0.064
1.18E-04;-0.060
1.18E-04;-0.060
1.18E-04;-0.076
1.18E-04;-0.068
1.19E-04;-0.064
1.19E-04;-0.076
1.19E-04;-0.076
1.19E-04;-0.080
1.19E-04;-0.076
1.20E-04;-0.072
1.20E-04;-0.084
1.20E-04;-0.080
1.20E-04;-0.080
1.20E-04;-0.080
1.21E-04;-0.080
1.21E-04;-0.084
1.21E-04;-0.084
1.21E-04;-0.084
1.21E-04;-0.084
1.22E-04;-0.092
1.22E-04;-0.088
1.22E-04;-0.092
1.22E-04;-0.092
1.22E-04;-0.088
1.23E-04;-0.096
1.23E-04;-0.096
1.23E-04;-0.096
1.23E-04;-0.104
1.23E-04;-0.092
1.24E-04;-0.100
1.24E-04;-0.100
1.24E-04;-0.108
1.24E-04;-0.108
1.24E-04;-0.104
1.25E-04;-0.104
1.25E-04;-0.108
1.25E-04;-0.108
1.25E-04;-0.112
1.25E-04;-0.116
1.26E-04;-0.112
1.26E-04;-0.112
1.26E-04;-0.116
1.26E-04;-0.108
1.26E-04;-0.120
1.27E-04;-0.120
1.27E-04;-0.120
1.27E-04;-0.116
1.27E-04;-0.120
1.27E-04;-0.120
1.28E-04;-0.120
1.28E-04;-0.124
1.28E-04;-0.124
1.28E-04;-0.124
1.28E-04;-0.124
1.29E-04;-0.128
1.29E-04;-0.128
1.29E-04;-0.128
1.29E-04;-0.132
1.29E-04;-0.136
1.30E-04;-0.128
1.30E-04;-0.132
1.30E-04;-0.136
1.30E-04;-0.132
1.30E-04;-0.136
1.31E-04;-0.132
1.31E-04;-0.140
1.31E-04;-0.140
1.31E-04;-0.140
1.31E-04;-0.144
1.32E-04;-0.144
1.32E-04;-0.148
1.32E-04;-0.148
1.32E-04;-0.144
1.32E-04;-0.148
1.33E-04;-0.152
1.33E-04;-0.148
1.33E-04;-0.148
1.33E-04;-0.156
1.33E-04;-0.156
1.34E-04;-0.152
1.34E-04;-0.156
1.34E-04;-0.148
1.34E-04;-0.156
1.34E-04;-0.152
1.35E-04;-0.152
1.35E-04;-0.168
1.35E-04;-0.152
1.35E-04;-0.156
1.35E-04;-0.164
1.36E-04;-0.160
1.36E-04;-0.164
1.36E-04;-0.164
1.36E-04;-0.164
1.36E-04;-0.172
1.37E-04;-0.164
1.37E-04;-0.164
1.37E-04;-0.168
1.37E-04;-0.168
1.37E-04;-0.168
1.38E-04;-0.176
1.38E-04;-0.168
1.38E-04;-0.172
1.38E-04;-0.180
1.38E-04;-0.172
1.39E-04;-0.172
1.39E-04;-0.176
1.39E-04;-0.172
1.39E-04;-0.176
1.39E-04;-0.184
1.40E-04;-0.176
1.40E-04;-0.180
1.40E-04;-0.172
1.40E-04;-0.180
1.40E-04;-0.184
1.41E-04;-0.180
1.41E-04;-0.184
1.41E-04;-0.184
1.41E-04;-0.176
1.41E-04;-0.184
1.42E-04;-0.180
1.42E-04;-0.184
1.42E-04;-0.188
1.42E-04;-0.180
1.42E-04;-0.184
1.43E-04;-0.192
1.43E-04;-0.188
1.43E-04;-0.192
1.43E-04;-0.192
1.43E-04;-0.192
1.44E-04;-0.196
1.44E-04;-0.188
1.44E-04;-0.192
1.44E-04;-0.196
1.44E-04;-0.192
1.45E-04;-0.188
1.45E-04;-0.200
1.45E-04;-0.188
1.45E-04;-0.196
1.45E-04;-0.196
1.46E-04;-0.196
1.46E-04;-0.204
1.46E-04;-0.192
1.46E-04;-0.196
1.46E-04;-0.196
1.47E-04;-0.196
1.47E-04;-0.200
1.47E-04;-0.200
1.47E-04;-0.200
1.47E-04;-0.200
1.48E-04;-0.200
1.48E-04;-0.196
1.48E-04;-0.200
1.48E-04;-0.200
1.48E-04;-0.200
1.49E-04;-0.200
1.49E-04;-0.200
1.49E-04;-0.196
1.49E-04;-0.204
1.49E-04;-0.196
1.50E-04;-0.204
1.50E-04;-0.208
1.50E-04;-0.200
1.50E-04;-0.204
1.50E-04;-0.204
1.51E-04;-0.200
1.51E-04;-0.208
1.51E-04;-0.200
1.51E-04;-0.204
1.51E-04;-0.208
1.52E-04;-0.204
1.52E-04;-0.204
1.52E-04;-0.212
1.52E-04;-0.200
1.52E-04;-0.208
1.53E-04;-0.204
1.53E-04;-0.204
1.53E-04;-0.204
1.53E-04;-0.208
1.53E-04;-0.204
1.54E-04;-0.204
1.54E-04;-0.208
1.54E-04;-0.208
1.54E-04;-0.212
1.54E-04;-0.204
1.55E-04;-0.208
1.55E-04;-0.212
1.55E-04;-0.208
1.55E-04;-0.212
1.55E-04;-0.204
1.56E-04;-0.204
1.56E-04;-0.216
1.56E-04;-0.208
1.56E-04;-0.212
1.56E-04;-0.208
1.57E-04;-0.208
1.57E-04;-0.204
1.57E-04;-0.212
1.57E-04;-0.200
1.57E-04;-0.212
1.58E-04;-0.216
1.58E-04;-0.204
1.58E-04;-0.216
1.58E-04;-0.208
1.58E-04;-0.204
1.59E-04;-0.216
1.59E-04;-0.204
1.59E-04;-0.204
1.59E-04;-0.212
1.59E-04;-0.204
1.60E-04;-0.200
1.60E-04;-0.208
1.60E-04;-0.208
1.60E-04;-0.204
1.60E-04;-0.204
1.61E-04;-0.200
1.61E-04;-0.204
1.61E-04;-0.204
1.61E-04;-0.204
1.61E-04;-0.208
1.62E-04;-0.208
1.62E-04;-0.200
1.62E-04;-0.208
1.62E-04;-0.196
1.62E-04;-0.200
1.63E-04;-0.204
1.63E-04;-0.204
1.63E-04;-0.200
1.63E-04;-0.200
1.63E-04;-0.204
1.64E-04;-0.204
1.64E-04;-0.204
1.64E-04;-0.200
1.64E-04;-0.200
1.64E-04;-0.196
1.65E-04;-0.196
1.65E-04;-0.204
1.65E-04;-0.192
1.65E-04;-0.196
1.65E-04;-0.200
1.66E-04;-0.196
1.66E-04;-0.200
1.66E-04;-0.196
1.66E-04;-0.196
1.66E-04;-0.200
1.67E-04;-0.192
1.67E-04;-0.200
1.67E-04;-0.196
1.67E-04;-0.192
1.67E-04;-0.200
1.68E-04;-0.192
1.68E-04;-0.196
1.68E-04;-0.196
1.68E-04;-0.192
1.68E-04;-0.192
1.69E-04;-0.188
1.69E-04;-0.188
1.69E-04;-0.188
1.69E-04;-0.192
1.69E-04;-0.188
1.70E-04;-0.188
1.70E-04;-0.188
1.70E-04;-0.180
1.70E-04;-0.188
1.70E-04;-0.188
1.71E-04;-0.180
1.71E-04;-0.184
1.71E-04;-0.180
1.71E-04;-0.184
1.71E-04;-0.184
1.72E-04;-0.180
1.72E-04;-0.180
1.72E-04;-0.180
1.72E-04;-0.180
1.72E-04;-0.180
1.73E-04;-0.188
1.73E-04;-0.172
1.73E-04;-0.188
1.73E-04;-0.168
1.73E-04;-0.180
1.74E-04;-0.180
1.74E-04;-0.168
1.74E-04;-0.180
1.74E-04;-0.168
1.74E-04;-0.172
1.75E-04;-0.176
1.75E-04;-0.168
1.75E-04;-0.172
1.75E-04;-0.176
1.75E-04;-0.164
1.76E-04;-0.168
1.76E-04;-0.168
1.76E-04;-0.164
1.76E-04;-0.164
1.76E-04;-0.164
1.77E-04;-0.160
1.77E-04;-0.168
1.77E-04;-0.164
1.77E-04;-0.156
1.77E-04;-0.168
1.78E-04;-0.156
1.78E-04;-0.160
1.78E-04;-0.160
1.78E-04;-0.152
1.78E-04;-0.152
1.79E-04;-0.152
1.79E-04;-0.152
1.79E-04;-0.148
1.79E-04;-0.152
1.79E-04;-0.144
1.80E-04;-0.148
1.80E-04;-0.152
1.80E-04;-0.144
1.80E-04;-0.148
1.80E-04;-0.148
1.81E-04;-0.144
1.81E-04;-0.148
1.81E-04;-0.136
1.81E-04;-0.144
1.81E-04;-0.140
1.82E-04;-0.144
1.82E-04;-0.136
1.82E-04;-0.136
1.82E-04;-0.136
1.82E-04;-0.140
1.83E-04;-0.136
1.83E-04;-0.136
1.83E-04;-0.136
1.83E-04;-0.136
1.83E-04;-0.128
1.84E-04;-0.128
1.84E-04;-0.128
1.84E-04;-0.132
1.84E-04;-0.132
1.84E-04;-0.120
1.85E-04;-0.128
1.85E-04;-0.120
1.85E-04;-0.124
1.85E-04;-0.124
1.85E-04;-0.116
1.86E-04;-0.116
1.86E-04;-0.116
1.86E-04;-0.112
1.86E-04;-0.120
1.86E-04;-0.108
1.87E-04;-0.108
1.87E-04;-0.116
1.87E-04;-0.108
1.87E-04;-0.108
1.87E-04;-0.108
1.88E-04;-0.104
1.88E-04;-0.112
1.88E-04;-0.108
1.88E-04;-0.108
1.88E-04;-0.104
1.89E-04;-0.108
1.89E-04;-0.096
1.89E-04;-0.100
1.89E-04;-0.096
1.89E-04;-0.096
1.90E-04;-0.092
1.90E-04;-0.096
1.90E-04;-0.092
1.90E-04;-0.096
1.90E-04;-0.092
1.91E-04;-0.092
1.91E-04;-0.092
1.91E-04;-0.088
1.91E-04;-0.088
1.91E-04;-0.080
1.92E-04;-0.088
1.92E-04;-0.076
1.92E-04;-0.084
1.92E-04;-0.080
1.92E-04;-0.080
1.93E-04;-0.076
1.93E-04;-0.076
1.93E-04;-0.076
1.93E-04;-0.072
1.93E-04;-0.068
1.94E-04;-0.076
1.94E-04;-0.068
1.94E-04;-0.072
1.94E-04;-0.068
1.94E-04;-0.060
1.95E-04;-0.064
1.95E-04;-0.064
1.95E-04;-0.060
1.95E-04;-0.064
1.95E-04;-0.060
1.96E-04;-0.056
1.96E-04;-0.056
1.96E-04;-0.056
1.96E-04;-0.056
1.96E-04;-0.052
1.97E-04;-0.056
1.97E-04;-0.052
1.97E-04;-0.052
1.97E-04;-0.052
1.97E-04;-0.044
1.98E-04;-0.044
1.98E-04;-0.044
1.98E-04;-0.036
1.98E-04;-0.044
1.98E-04;-0.036
1.99E-04;-0.040
1.99E-04;-0.040
1.99E-04;-0.036
1.99E-04;-0.036
1.99E-04;-0.036
2.00E-04;-0.036
2.00E-04;-0.032
2.00E-04;-0.032
2.00E-04;-0.020
2.00E-04;-0.032
2.01E-04;-0.024
2.01E-04;-0.024
2.01E-04;-0.020
2.01E-04;-0.024
2.01E-04;-0.020
2.02E-04;-0.024
2.02E-04;-0.016
2.02E-04;-0.020
2.02E-04;-0.020
2.02E-04;-0.016
2.03E-04;-0.016
2.03E-04;-0.016
2.03E-04;-0.016
2.03E-04;-0.012
2.03E-04;-0.008
2.04E-04;-0.012
2.04E-04;0.000
2.04E-04;-0.012
2.04E-04;0.000
2.04E-04;-0.004
2.05E-04;0.000
2.05E-04;0.000
2.05E-04;0.000
2.05E-04;0.004
2.05E-04;0.004
2.06E-04;0.008
2.06E-04;0.012
2.06E-04;0.008
2.06E-04;0.008
2.06E-04;0.016
2.07E-04;0.012
2.07E-04;0.016
2.07E-04;0.016
2.07E-04;0.020
2.07E-04;0.020
2.08E-04;0.028
2.08E-04;0.020
2.08E-04;0.024
2.08E-04;0.028
2.08E-04;0.016
2.09E-04;0.028
2.09E-04;0.028
2.09E-04;0.028
2.09E-04;0.036
2.09E-04;0.024
2.10E-04;0.036
2.10E-04;0.032
2.10E-04;0.036
2.10E-04;0.044
2.10E-04;0.036
2.11E-04;0.036
2.11E-04;0.044
2.11E-04;0.040
2.11E-04;0.052
2.11E-04;0.048
2.12E-04;0.052
2.12E-04;0.052
2.12E-04;0.052
2.12E-04;0.056
2.12E-04;0.052
2.13E-04;0.056
2.13E-04;0.052
2.13E-04;0.056
2.13E-04;0.056
2.13E-04;0.056
2.14E-04;0.056
2.14E-04;0.064
2.14E-04;0.060
2.14E-04;0.072
2.14E-04;0.064
2.15E-04;0.060
2.15E-04;0.068
2.15E-04;0.072
2.15E-04;0.068
2.15E-04;0.072
2.16E-04;0.072
2.16E-04;0.072
2.16E-04;0.076
2.16E-04;0.072
2.16E-04;0.076
2.17E-04;0.080
2.17E-04;0.080
2.17E-04;0.088
2.17E-04;0.080
2.17E-04;0.088
2.18E-04;0.088
2.18E-04;0.092
2.18E-04;0.092
2.18E-04;0.096
2.18E-04;0.088
2.19E-04;0.096
2.19E-04;0.100
2.19E-04;0.092
2.19E-04;0.092
2.19E-04;0.096
2.20E-04;0.104
2.20E-04;0.096
2.20E-04;0.104
2.20E-04;0.096
2.20E-04;0.108
2.21E-04;0.108
2.21E-04;0.104
2.21E-04;0.108
2.21E-04;0.104
2.21E-04;0.108
2.22E-04;0.112
2.22E-04;0.108
2.22E-04;0.116
2.22E-04;0.116
2.22E-04;0.112
2.23E-04;0.116
2.23E-04;0.112
2.23E-04;0.116
2.23E-04;0.124
2.23E-04;0.120
2.24E-04;0.120
2.24E-04;0.128
2.24E-04;0.120
2.24E-04;0.124
2.24E-04;0.124
2.25E-04;0.124
2.25E-04;0.128
2.25E-04;0.136
2.25E-04;0.128
2.25E-04;0.132
2.26E-04;0.132
2.26E-04;0.136
2.26E-04;0.136
2.26E-04;0.132
2.26E-04;0.136
2.27E-04;0.144
2.27E-04;0.136
2.27E-04;0.144
2.27E-04;0.136
2.27E-04;0.144
2.28E-04;0.140
2.28E-04;0.152
2.28E-04;0.148
2.28E-04;0.148
2.28E-04;0.148
2.29E-04;0.144
2.29E-04;0.152
2.29E-04;0.148
2.29E-04;0.156
2.29E-04;0.156
2.30E-04;0.148
2.30E-04;0.156
2.30E-04;0.156
2.30E-04;0.152
2.30E-04;0.156
2.31E-04;0.160
2.31E-04;0.160
2.31E-04;0.160
2.31E-04;0.164
2.31E-04;0.164
2.32E-04;0.168
2.32E-04;0.160
2.32E-04;0.160
2.32E-04;0.168
2.32E-04;0.168
2.33E-04;0.172
2.33E-04;0.172
2.33E-04;0.160
2.33E-04;0.172
2.33E-04;0.168
2.34E-04;0.168
2.34E-04;0.176
2.34E-04;0.172
2.34E-04;0.172
2.34E-04;0.180
2.35E-04;0.180
2.35E-04;0.176
2.35E-04;0.176
2.35E-04;0.184
2.35E-04;0.176
2.36E-04;0.176
2.36E-04;0.180
2.36E-04;0.180
2.36E-04;0.184
2.36E-04;0.176
2.37E-04;0.184
2.37E-04;0.188
2.37E-04;0.180
2.37E-04;0.184
2.37E-04;0.184
2.38E-04;0.180
2.38E-04;0.192
2.38E-04;0.184
2.38E-04;0.184
2.38E-04;0.188
2.39E-04;0.184
2.39E-04;0.192
2.39E-04;0.192
2.39E-04;0.192
2.39E-04;0.196
2.40E-04;0.196
2.40E-04;0.192
2.40E-04;0.196
2.40E-04;0.196
2.40E-04;0.196
2.41E-04;0.200
2.41E-04;0.192
2.41E-04;0.192
2.41E-04;0.200
2.41E-04;0.196
2.42E-04;0.200
2.42E-04;0.196
2.42E-04;0.196
2.42E-04;0.200
2.42E-04;0.200
2.43E-04;0.192
2.43E-04;0.204
2.43E-04;0.200
2.43E-04;0.204
2.43E-04;0.200
2.44E-04;0.208
2.44E-04;0.204
2.44E-04;0.208
2.44E-04;0.200
2.44E-04;0.200
2.45E-04;0.208
2.45E-04;0.208
2.45E-04;0.200
2.45E-04;0.200
2.45E-04;0.204
2.46E-04;0.200
2.46E-04;0.212
2.46E-04;0.204
2.46E-04;0.204
2.46E-04;0.200
2.47E-04;0.212
2.47E-04;0.208
2.47E-04;0.208
2.47E-04;0.208
2.47E-04;0.212
2.48E-04;0.208
2.48E-04;0.204
2.48E-04;0.208
2.48E-04;0.208
2.48E-04;0.208
2.49E-04;0.212
2.49E-04;0.208
2.49E-04;0.216
2.49E-04;0.212
2.49E-04;0.204
2.50E-04;0.212
2.50E-04;0.216
2.50E-04;0.208
2.50E-04;0.212
2.50E-04;0.204
2.51E-04;0.212
2.51E-04;0.216
2.51E-04;0.212
2.51E-04;0.208
2.51E-04;0.204
2.52E-04;0.212
2.52E-04;0.208
2.52E-04;0.216
2.52E-04;0.216
2.52E-04;0.212
2.53E-04;0.220
2.53E-04;0.208
2.53E-04;0.216
2.53E-04;0.212
2.53E-04;0.204
2.54E-04;0.212
2.54E-04;0.216
2.54E-04;0.216
2.54E-04;0.216
2.54E-04;0.216
2.55E-04;0.216
2.55E-04;0.212
2.55E-04;0.216
2.55E-04;0.212
2.55E-04;0.216
2.56E-04;0.208
2.56E-04;0.216
2.56E-04;0.212
2.56E-04;0.208
2.56E-04;0.212
2.57E-04;0.212
2.57E-04;0.208
2.57E-04;0.216
2.57E-04;0.208
2.57E-04;0.212
2.58E-04;0.212
2.58E-04;0.208
2.58E-04;0.212
2.58E-04;0.208
2.58E-04;0.208
2.59E-04;0.216
2.59E-04;0.208
2.59E-04;0.212
2.59E-04;0.200
2.59E-04;0.212
2.60E-04;0.208
2.60E-04;0.212
2.60E-04;0.208
2.60E-04;0.204
2.60E-04;0.208
2.61E-04;0.208
2.61E-04;0.208
2.61E-04;0.204
2.61E-04;0.200
2.61E-04;0.204
2.62E-04;0.208
2.62E-04;0.200
2.62E-04;0.208
2.62E-04;0.208
2.62E-04;0.200
2.63E-04;0.204
2.63E-04;0.204
2.63E-04;0.200
2.63E-04;0.204
2.63E-04;0.196
2.64E-04;0.200
2.64E-04;0.200
2.64E-04;0.196
2.64E-04;0.196
2.64E-04;0.200
2.65E-04;0.192
2.65E-04;0.200
2.65E-04;0.200
2.65E-04;0.196
2.65E-04;0.192
2.66E-04;0.196
2.66E-04;0.196
2.66E-04;0.196
2.66E-04;0.188
2.66E-04;0.192
2.67E-04;0.192
2.67E-04;0.196
2.67E-04;0.192
2.67E-04;0.192
2.67E-04;0.196
2.68E-04;0.184
2.68E-04;0.200
2.68E-04;0.184
2.68E-04;0.188
2.68E-04;0.184
2.69E-04;0.184
2.69E-04;0.184
2.69E-04;0.188
2.69E-04;0.184
2.69E-04;0.192
2.70E-04;0.180
2.70E-04;0.180
2.70E-04;0.180
2.70E-04;0.184
2.70E-04;0.184
2.71E-04;0.180
2.71E-04;0.180
2.71E-04;0.180
2.71E-04;0.176
2.71E-04;0.180
2.72E-04;0.176
2.72E-04;0.180
2.72E-04;0.176
2.72E-04;0.180
2.72E-04;0.172
2.73E-04;0.164
2.73E-04;0.176
2.73E-04;0.168
2.73E-04;0.172
2.73E-04;0.176
2.74E-04;0.168
2.74E-04;0.168
2.74E-04;0.164
2.74E-04;0.164
2.74E-04;0.168
2.75E-04;0.164
2.75E-04;0.168
2.75E-04;0.160
2.75E-04;0.168
2.75E-04;0.152
2.76E-04;0.164
2.76E-04;0.156
2.76E-04;0.152
2.76E-04;0.160
2.76E-04;0.156
2.77E-04;0.152
2.77E-04;0.160
2.77E-04;0.152
2.77E-04;0.152
2.77E-04;0.156
2.78E-04;0.148
2.78E-04;0.156
2.78E-04;0.144
2.78E-04;0.148
2.78E-04;0.148
2.79E-04;0.148
2.79E-04;0.140
2.79E-04;0.144
2.79E-04;0.140
2.79E-04;0.140
2.80E-04;0.144
2.80E-04;0.132
2.80E-04;0.136
2.80E-04;0.144
2.80E-04;0.132
2.81E-04;0.140
2.81E-04;0.132
2.81E-04;0.132
2.81E-04;0.140
2.81E-04;0.132
2.82E-04;0.132
2.82E-04;0.132
2.82E-04;0.124
2.82E-04;0.128
2.82E-04;0.124
2.83E-04;0.128
2.83E-04;0.128
2.83E-04;0.124
2.83E-04;0.124
2.83E-04;0.112
2.84E-04;0.124
2.84E-04;0.116
2.84E-04;0.116
2.84E-04;0.116
2.84E-04;0.108
2.85E-04;0.116
2.85E-04;0.112
2.85E-04;0.104
2.85E-04;0.116
2.85E-04;0.104
2.86E-04;0.104
2.86E-04;0.108
2.86E-04;0.104
2.86E-04;0.104
2.86E-04;0.104
2.87E-04;0.104
2.87E-04;0.100
2.87E-04;0.096
2.87E-04;0.096
2.87E-04;0.100
2.88E-04;0.096
2.88E-04;0.096
2.88E-04;0.100
2.88E-04;0.092
2.88E-04;0.092
2.89E-04;0.096
2.89E-04;0.088
2.89E-04;0.088
2.89E-04;0.092
2.89E-04;0.076
2.90E-04;0.084
2.90E-04;0.080
2.90E-04;0.080
2.90E-04;0.076
2.90E-04;0.076
2.91E-04;0.076
2.91E-04;0.068
2.91E-04;0.076
2.91E-04;0.068
2.91E-04;0.076
2.92E-04;0.068
2.92E-04;0.064
2.92E-04;0.072
2.92E-04;0.064
2.92E-04;0.064
2.93E-04;0.060
2.93E-04;0.060
2.93E-04;0.060
2.93E-04;0.060
2.93E-04;0.056
2.94E-04;0.064
2.94E-04;0.056
2.94E-04;0.052
2.94E-04;0.052
2.94E-04;0.052
2.95E-04;0.048
2.95E-04;0.052
2.95E-04;0.048
2.95E-04;0.044
2.95E-04;0.048
2.96E-04;0.044
2.96E-04;0.040
2.96E-04;0.040
2.96E-04;0.032
2.96E-04;0.044
2.97E-04;0.036
2.97E-04;0.032
2.97E-04;0.032
2.97E-04;0.032
2.97E-04;0.036
2.98E-04;0.036
2.98E-04;0.020
2.98E-04;0.032
2.98E-04;0.024
2.98E-04;0.028
2.99E-04;0.020
2.99E-04;0.024
2.99E-04;0.020
2.99E-04;0.016
2.99E-04;0.024
3.00E-04;0.016
3.00E-04;0.020
3.00E-04;0.016
3.00E-04;0.012
3.00E-04;0.016
3.01E-04;0.012
3.01E-04;0.004
3.01E-04;0.016
3.01E-04;0.000
3.01E-04;0.008
3.02E-04;0.008
3.02E-04;-0.004
3.02E-04;0.000
3.02E-04;-0.004
3.02E-04;0.004
3.03E-04;0.000
3.03E-04;-0.004
3.03E-04;-0.008
3.03E-04;-0.004
3.03E-04;-0.008
3.04E-04;-0.012
3.04E-04;-0.012
3.04E-04;-0.016
3.04E-04;-0.020
3.04E-04;-0.012
3.05E-04;-0.020
3.05E-04;-0.020
3.05E-04;-0.020
3.05E-04;-0.020
3.05E-04;-0.020
3.06E-04;-0.016
3.06E-04;-0.024
3.06E-04;-0.020
3.06E-04;-0.028
3.06E-04;-0.028
3.07E-04;-0.040
3.07E-04;-0.028
3.07E-04;-0.028
3.07E-04;-0.032
3.07E-04;-0.036
3.08E-04;-0.036
3.08E-04;-0.032
3.08E-04;-0.036
3.08E-04;-0.040
3.08E-04;-0.040
3.09E-04;-0.048
3.09E-04;-0.048
3.09E-04;-0.044
3.09E-04;-0.048
3.09E-04;-0.044
3.10E-04;-0.048
3.10E-04;-0.060
3.10E-04;-0.048
3.10E-04;-0.048
3.10E-04;-0.056
3.11E-04;-0.056
3.11E-04;-0.056
3.11E-04;-0.056
3.11E-04;-0.056
3.11E-04;-0.056
3.12E-04;-0.060
3.12E-04;-0.056
3.12E-04;-0.068
3.12E-04;-0.064
3.12E-04;-0.060
3.13E-04;-0.076
3.13E-04;-0.064
3.13E-04;-0.068
3.13E-04;-0.076
3.13E-04;-0.068
3.14E-04;-0.076
3.14E-04;-0.072
3.14E-04;-0.076
3.14E-04;-0.080
3.14E-04;-0.076
3.15E-04;-0.084
3.15E-04;-0.080
3.15E-04;-0.092
3.15E-04;-0.080
3.15E-04;-0.084
3.16E-04;-0.088
3.16E-04;-0.088
3.16E-04;-0.092
3.16E-04;-0.092
3.16E-04;-0.092
3.17E-04;-0.092
3.17E-04;-0.092
3.17E-04;-0.096
3.17E-04;-0.096
3.17E-04;-0.092
3.18E-04;-0.100
3.18E-04;-0.100
3.18E-04;-0.104
3.18E-04;-0.100
3.18E-04;-0.104
3.19E-04;-0.100
3.19E-04;-0.108
3.19E-04;-0.112
3.19E-04;-0.108
3.19E-04;-0.116
3.20E-04;-0.112
3.20E-04;-0.112
3.20E-04;-0.120
3.20E-04;-0.112
3.20E-04;-0.120
3.21E-04;-0.120
3.21E-04;-0.112
3.21E-04;-0.124
3.21E-04;-0.120
3.21E-04;-0.116
3.22E-04;-0.124
3.22E-04;-0.120
3.22E-04;-0.124
3.22E-04;-0.124
3.22E-04;-0.128
3.23E-04;-0.128
3.23E-04;-0.128
3.23E-04;-0.128
3.23E-04;-0.128
3.23E-04;-0.140
3.24E-04;-0.132
3.24E-04;-0.132
3.24E-04;-0.132
3.24E-04;-0.132
3.24E-04;-0.132
3.25E-04;-0.140
3.25E-04;-0.128
3.25E-04;-0.144
3.25E-04;-0.144
3.25E-04;-0.140
3.26E-04;-0.148
3.26E-04;-0.140
3.26E-04;-0.144
3.26E-04;-0.148
3.26E-04;-0.144
3.27E-04;-0.148
3.27E-04;-0.152
3.27E-04;-0.148
3.27E-04;-0.148
3.27E-04;-0.152
3.28E-04;-0.148
3.28E-04;-0.152
3.28E-04;-0.152
3.28E-04;-0.156
3.28E-04;-0.160
3.29E-04;-0.156
3.29E-04;-0.156
3.29E-04;-0.168
3.29E-04;-0.156
3.29E-04;-0.164
3.30E-04;-0.164
3.30E-04;-0.164
3.30E-04;-0.164
3.30E-04;-0.164
3.30E-04;-0.168
3.31E-04;-0.160
3.31E-04;-0.164
3.31E-04;-0.164
3.31E-04;-0.176
3.31E-04;-0.168
3.32E-04;-0.164
3.32E-04;-0.176
3.32E-04;-0.172
3.32E-04;-0.172
3.32E-04;-0.172
3.33E-04;-0.172
3.33E-04;-0.176
3.33E-04;-0.176
3.33E-04;-0.168
3.33E-04;-0.180
3.34E-04;-0.180
3.34E-04;-0.180
3.34E-04;-0.176
3.34E-04;-0.184
3.34E-04;-0.172
3.35E-04;-0.180
3.35E-04;-0.184
3.35E-04;-0.180
3.35E-04;-0.184
3.35E-04;-0.188
3.36E-04;-0.180
3.36E-04;-0.192
3.36E-04;-0.184
3.36E-04;-0.188
3.36E-04;-0.188
3.37E-04;-0.180
3.37E-04;-0.192
3.37E-04;-0.188
3.37E-04;-0.192
3.37E-04;-0.196
3.38E-04;-0.188
3.38E-04;-0.188
3.38E-04;-0.184
3.38E-04;-0.188
3.38E-04;-0.188
3.39E-04;-0.188
3.39E-04;-0.200
3.39E-04;-0.192
3.39E-04;-0.204
3.39E-04;-0.188
3.40E-04;-0.196
3.40E-04;-0.196
3.40E-04;-0.196
3.40E-04;-0.192
3.40E-04;-0.204
3.41E-04;-0.192
3.41E-04;-0.204
3.41E-04;-0.204
3.41E-04;-0.192
3.41E-04;-0.200
3.42E-04;-0.200
3.42E-04;-0.196
3.42E-04;-0.200
3.42E-04;-0.200
3.42E-04;-0.200
3.43E-04;-0.200
3.43E-04;-0.204
3.43E-04;-0.200
3.43E-04;-0.200
3.43E-04;-0.192
3.44E-04;-0.200
3.44E-04;-0.200
3.44E-04;-0.200
3.44E-04;-0.204
3.44E-04;-0.200
3.45E-04;-0.200
3.45E-04;-0.208
3.45E-04;-0.196
3.45E-04;-0.204
3.45E-04;-0.208
3.46E-04;-0.204
3.46E-04;-0.208
3.46E-04;-0.196
3.46E-04;-0.216
3.46E-04;-0.200
3.47E-04;-0.208
3.47E-04;-0.204
3.47E-04;-0.204
3.47E-04;-0.204
3.47E-04;-0.204
3.48E-04;-0.212
3.48E-04;-0.212
3.48E-04;-0.208
3.48E-04;-0.204
3.48E-04;-0.204
3.49E-04;-0.204
3.49E-04;-0.216
3.49E-04;-0.204
3.49E-04;-0.208
3.49E-04;-0.212
3.50E-04;-0.208
3.50E-04;-0.204
3.50E-04;-0.212
3.50E-04;-0.212
3.50E-04;-0.208
3.51E-04;-0.212
3.51E-04;-0.204
3.51E-04;-0.208
3.51E-04;-0.216
3.51E-04;-0.204
3.52E-04;-0.208
3.52E-04;-0.204
3.52E-04;-0.208
3.52E-04;-0.212
3.52E-04;-0.204
3.53E-04;-0.204
3.53E-04;-0.208
3.53E-04;-0.204
3.53E-04;-0.212
3.53E-04;-0.204
3.54E-04;-0.208
3.54E-04;-0.204
3.54E-04;-0.208
3.54E-04;-0.212
3.54E-04;-0.204
3.55E-04;-0.208
3.55E-04;-0.200
3.55E-04;-0.208
3.55E-04;-0.200
3.55E-04;-0.204
3.56E-04;-0.204
3.56E-04;-0.204
3.56E-04;-0.200
3.56E-04;-0.208
3.56E-04;-0.204
3.57E-04;-0.208
3.57E-04;-0.208
3.57E-04;-0.200
3.57E-04;-0.204
3.57E-04;-0.204
3.58E-04;-0.200
3.58E-04;-0.200
3.58E-04;-0.200
3.58E-04;-0.200
3.58E-04;-0.204
3.59E-04;-0.200
3.59E-04;-0.200
3.59E-04;-0.204
3.59E-04;-0.192
3.59E-04;-0.204
3.60E-04;-0.204
3.60E-04;-0.192
3.60E-04;-0.204
3.60E-04;-0.192
3.60E-04;-0.196
3.61E-04;-0.200
3.61E-04;-0.192
3.61E-04;-0.196
3.61E-04;-0.200
3.61E-04;-0.192
3.62E-04;-0.204
3.62E-04;-0.188
3.62E-04;-0.200
3.62E-04;-0.184
3.62E-04;-0.196
3.63E-04;-0.192
3.63E-04;-0.188
3.63E-04;-0.196
3.63E-04;-0.180
3.63E-04;-0.192
3.64E-04;-0.192
3.64E-04;-0.188
3.64E-04;-0.192
3.64E-04;-0.184
3.64E-04;-0.180
3.65E-04;-0.188
3.65E-04;-0.184
3.65E-04;-0.188
3.65E-04;-0.184
3.65E-04;-0.184
3.66E-04;-0.184
3.66E-04;-0.184
3.66E-04;-0.184
3.66E-04;-0.172
3.66E-04;-0.180
3.67E-04;-0.180
3.67E-04;-0.180
3.67E-04;-0.176
3.67E-04;-0.172
3.67E-04;-0.176
3.68E-04;-0.180
3.68E-04;-0.172
3.68E-04;-0.176
3.68E-04;-0.176
3.68E-04;-0.164
3.69E-04;-0.176
3.69E-04;-0.168
3.69E-04;-0.176
3.69E-04;-0.172
3.69E-04;-0.164
3.70E-04;-0.172
3.70E-04;-0.164
3.70E-04;-0.176
3.70E-04;-0.164
3.70E-04;-0.164
3.71E-04;-0.164
3.71E-04;-0.164
3.71E-04;-0.168
3.71E-04;-0.160
3.71E-04;-0.164
3.72E-04;-0.164
3.72E-04;-0.160
3.72E-04;-0.164
3.72E-04;-0.152
3.72E-04;-0.152
3.73E-04;-0.164
3.73E-04;-0.156
3.73E-04;-0.152
3.73E-04;-0.156
3.73E-04;-0.152
3.74E-04;-0.152
3.74E-04;-0.152
3.74E-04;-0.148
3.74E-04;-0.152
3.74E-04;-0.148
3.75E-04;-0.148
3.75E-04;-0.152
3.75E-04;-0.148
3.75E-04;-0.144
3.75E-04;-0.148
3.76E-04;-0.144
3.76E-04;-0.144
3.76E-04;-0.140
3.76E-04;-0.140
3.76E-04;-0.140
3.77E-04;-0.132
3.77E-04;-0.132
3.77E-04;-0.136
3.77E-04;-0.136
3.77E-04;-0.132
3.78E-04;-0.128
3.78E-04;-0.136
3.78E-04;-0.128
3.78E-04;-0.124
3.78E-04;-0.128
3.79E-04;-0.124
3.79E-04;-0.128
3.79E-04;-0.124
3.79E-04;-0.120
3.79E-04;-0.124
3.80E-04;-0.120
3.80E-04;-0.116
3.80E-04;-0.120
3.80E-04;-0.112
3.80E-04;-0.120
3.81E-04;-0.116
3.81E-04;-0.116
3.81E-04;-0.112
3.81E-04;-0.108
3.81E-04;-0.112
3.82E-04;-0.112
3.82E-04;-0.108
3.82E-04;-0.112
3.82E-04;-0.112
3.82E-04;-0.096
3.83E-04;-0.104
3.83E-04;-0.100
3.83E-04;-0.100
3.83E-04;-0.104
3.83E-04;-0.108
3.84E-04;-0.092
3.84E-04;-0.104
3.84E-04;-0.096
3.84E-04;-0.092
3.84E-04;-0.096
3.85E-04;-0.092
3.85E-04;-0.092
3.85E-04;-0.092
3.85E-04;-0.088
3.85E-04;-0.092
3.86E-04;-0.084
3.86E-04;-0.092
3.86E-04;-0.080
3.86E-04;-0.088
3.86E-04;-0.080
3.87E-04;-0.076
3.87E-04;-0.080
3.87E-04;-0.072
3.87E-04;-0.076
3.87E-04;-0.080
3.88E-04;-0.072
3.88E-04;-0.072
3.88E-04;-0.072
3.88E-04;-0.068
3.88E-04;-0.076
3.89E-04;-0.060
3.89E-04;-0.072
3.89E-04;-0.060
3.89E-04;-0.064
3.89E-04;-0.060
3.90E-04;-0.060
3.90E-04;-0.056
3.90E-04;-0.056
3.90E-04;-0.056
3.90E-04;-0.060
3.91E-04;-0.060
3.91E-04;-0.056
3.91E-04;-0.044
3.91E-04;-0.056
3.91E-04;-0.048
3.92E-04;-0.048
3.92E-04;-0.052
3.92E-04;-0.044
3.92E-04;-0.040
3.92E-04;-0.048
3.93E-04;-0.036
3.93E-04;-0.040
3.93E-04;-0.036
3.93E-04;-0.032
3.93E-04;-0.036
3.94E-04;-0.032
3.94E-04;-0.040
3.94E-04;-0.028
3.94E-04;-0.036
3.94E-04;-0.020
3.95E-04;-0.032
3.95E-04;-0.024
3.95E-04;-0.024
3.95E-04;-0.028
3.95E-04;-0.020
3.96E-04;-0.020
3.96E-04;-0.024
3.96E-04;-0.016
3.96E-04;-0.016
3.96E-04;-0.016
3.97E-04;-0.008
3.97E-04;-0.020
3.97E-04;-0.016
3.97E-04;-0.008
3.97E-04;-0.012
3.98E-04;-0.016
3.98E-04;-0.004
3.98E-04;-0.008
3.98E-04;-0.004
3.98E-04;-0.004
3.99E-04;0.000
3.99E-04;0.000
3.99E-04;0.000
3.99E-04;-0.004
3.99E-04;0.012
4.00E-04;0.000
4.00E-04;0.008
4.00E-04;0.012
4.00E-04;0.008
4.00E-04;0.012
4.01E-04;0.012
4.01E-04;0.008
4.01E-04;0.016
4.01E-04;0.016
4.01E-04;0.024
4.02E-04;0.020
4.02E-04;0.016
4.02E-04;0.016
4.02E-04;0.024
4.02E-04;0.028
4.03E-04;0.020
4.03E-04;0.028
4.03E-04;0.032
4.03E-04;0.028
4.03E-04;0.036
4.04E-04;0.036
4.04E-04;0.032
4.04E-04;0.044
4.04E-04;0.032
4.04E-04;0.040
4.05E-04;0.040
4.05E-04;0.040
4.05E-04;0.044
4.05E-04;0.040
4.05E-04;0.048
4.06E-04;0.044
4.06E-04;0.052
4.06E-04;0.048
4.06E-04;0.052
4.06E-04;0.056
4.07E-04;0.052
4.07E-04;0.052
4.07E-04;0.056
4.07E-04;0.056
4.07E-04;0.064
4.08E-04;0.060
4.08E-04;0.056
4.08E-04;0.064
4.08E-04;0.060
4.08E-04;0.060
4.09E-04;0.064
4.09E-04;0.064
4.09E-04;0.068
4.09E-04;0.064
4.09E-04;0.068
4.10E-04;0.060
4.10E-04;0.076
4.10E-04;0.076
4.10E-04;0.072
4.10E-04;0.076
4.11E-04;0.076
4.11E-04;0.084
4.11E-04;0.080
4.11E-04;0.080
4.11E-04;0.088
4.12E-04;0.084
4.12E-04;0.088
4.12E-04;0.088
4.12E-04;0.084
4.12E-04;0.096
4.13E-04;0.092
4.13E-04;0.092
4.13E-04;0.096
4.13E-04;0.096
4.13E-04;0.100
4.14E-04;0.096
4.14E-04;0.092
4.14E-04;0.096
4.14E-04;0.104
4.14E-04;0.108
4.15E-04;0.100
4.15E-04;0.112
4.15E-04;0.104
4.15E-04;0.108
4.15E-04;0.108
4.16E-04;0.108
4.16E-04;0.116
4.16E-04;0.112
4.16E-04;0.108
4.16E-04;0.116
4.17E-04;0.116
4.17E-04;0.116
4.17E-04;0.116
4.17E-04;0.116
4.17E-04;0.124
4.18E-04;0.120
4.18E-04;0.128
4.18E-04;0.120
4.18E-04;0.128
4.18E-04;0.128
4.19E-04;0.128
4.19E-04;0.132
4.19E-04;0.124
4.19E-04;0.128
4.19E-04;0.132
4.20E-04;0.128
4.20E-04;0.140
4.20E-04;0.132
4.20E-04;0.136
4.20E-04;0.140
4.21E-04;0.132
4.21E-04;0.140
4.21E-04;0.144
4.21E-04;0.144
4.21E-04;0.140
4.22E-04;0.144
4.22E-04;0.140
4.22E-04;0.148
4.22E-04;0.144
4.22E-04;0.148
4.23E-04;0.144
4.23E-04;0.148
4.23E-04;0.140
4.23E-04;0.148
4.23E-04;0.148
4.24E-04;0.148
4.24E-04;0.152
4.24E-04;0.156
4.24E-04;0.156
4.24E-04;0.160
4.25E-04;0.156
4.25E-04;0.160
4.25E-04;0.160
4.25E-04;0.160
4.25E-04;0.160
4.26E-04;0.164
4.26E-04;0.164
4.26E-04;0.156
4.26E-04;0.172
4.26E-04;0.164
4.27E-04;0.168
4.27E-04;0.172
4.27E-04;0.164
4.27E-04;0.168
4.27E-04;0.172
4.28E-04;0.168
4.28E-04;0.176
4.28E-04;0.168
4.28E-04;0.176
4.28E-04;0.180
4.29E-04;0.172
4.29E-04;0.176
4.29E-04;0.168
4.29E-04;0.176
4.29E-04;0.176
4.30E-04;0.180
4.30E-04;0.180
4.30E-04;0.180
4.30E-04;0.176
4.30E-04;0.180
4.31E-04;0.176
4.31E-04;0.188
4.31E-04;0.180
4.31E-04;0.184
4.31E-04;0.180
4.32E-04;0.188
4.32E-04;0.184
4.32E-04;0.184
4.32E-04;0.188
4.32E-04;0.192
4.33E-04;0.188
4.33E-04;0.188
4.33E-04;0.188
4.33E-04;0.196
4.33E-04;0.188
4.34E-04;0.200
4.34E-04;0.200
4.34E-04;0.184
4.34E-04;0.196
4.34E-04;0.192
4.35E-04;0.196
4.35E-04;0.200
4.35E-04;0.196
4.35E-04;0.196
4.35E-04;0.192
4.36E-04;0.192
4.36E-04;0.200
4.36E-04;0.196
4.36E-04;0.204
4.36E-04;0.204
4.37E-04;0.196
4.37E-04;0.196
4.37E-04;0.200
4.37E-04;0.204
4.37E-04;0.196
4.38E-04;0.204
4.38E-04;0.200
4.38E-04;0.204
4.38E-04;0.200
4.38E-04;0.204
4.39E-04;0.208
4.39E-04;0.204
4.39E-04;0.204
4.39E-04;0.212
4.39E-04;0.204
4.40E-04;0.208
4.40E-04;0.204
4.40E-04;0.196
4.40E-04;0.208
4.40E-04;0.208
4.41E-04;0.208
4.41E-04;0.204
4.41E-04;0.204
4.41E-04;0.216
4.41E-04;0.204
4.42E-04;0.212
4.42E-04;0.208
4.42E-04;0.212
4.42E-04;0.208
4.42E-04;0.208
4.43E-04;0.212
4.43E-04;0.204
4.43E-04;0.212
4.43E-04;0.216
4.43E-04;0.204
4.44E-04;0.212
4.44E-04;0.212
4.44E-04;0.208
4.44E-04;0.212
4.44E-04;0.208
4.45E-04;0.216
4.45E-04;0.216
4.45E-04;0.212
4.45E-04;0.212
4.45E-04;0.212
4.46E-04;0.216
4.46E-04;0.212
4.46E-04;0.216
4.46E-04;0.216
4.46E-04;0.212
4.47E-04;0.216
4.47E-04;0.212
4.47E-04;0.212
4.47E-04;0.216
4.47E-04;0.216
4.48E-04;0.216
4.48E-04;0.216
4.48E-04;0.212
4.48E-04;0.220
4.48E-04;0.212
4.49E-04;0.212
4.49E-04;0.212
4.49E-04;0.212
4.49E-04;0.212
4.49E-04;0.208
4.50E-04;0.216
4.50E-04;0.208
4.50E-04;0.220
4.50E-04;0.208
4.50E-04;0.208
4.51E-04;0.212
4.51E-04;0.208
4.51E-04;0.216
4.51E-04;0.216
4.51E-04;0.200
4.52E-04;0.216
4.52E-04;0.208
4.52E-04;0.212
4.52E-04;0.216
4.52E-04;0.204
4.53E-04;0.212
4.53E-04;0.212
4.53E-04;0.212
4.53E-04;0.208
4.53E-04;0.208
4.54E-04;0.208
4.54E-04;0.208
4.54E-04;0.208
4.54E-04;0.208
4.54E-04;0.208
4.55E-04;0.204
4.55E-04;0.196
4.55E-04;0.208
4.55E-04;0.208
4.55E-04;0.208
4.56E-04;0.204
4.56E-04;0.204
4.56E-04;0.208
4.56E-04;0.204
4.56E-04;0.200
4.57E-04;0.208
4.57E-04;0.208
4.57E-04;0.204
4.57E-04;0.200
4.57E-04;0.200
4.58E-04;0.200
4.58E-04;0.196
4.58E-04;0.208
4.58E-04;0.200
4.58E-04;0.204
4.59E-04;0.196
4.59E-04;0.196
4.59E-04;0.200
4.59E-04;0.204
4.59E-04;0.196
4.60E-04;0.200
4.60E-04;0.196
4.60E-04;0.196
4.60E-04;0.196
4.60E-04;0.192
4.61E-04;0.196
4.61E-04;0.196
4.61E-04;0.196
4.61E-04;0.192
4.61E-04;0.200
4.62E-04;0.184
4.62E-04;0.188
4.62E-04;0.192
4.62E-04;0.188
4.62E-04;0.196
4.63E-04;0.188
4.63E-04;0.180
4.63E-04;0.192
4.63E-04;0.184
4.63E-04;0.184
4.64E-04;0.188
4.64E-04;0.180
4.64E-04;0.184
4.64E-04;0.184
4.64E-04;0.180
4.65E-04;0.184
4.65E-04;0.176
4.65E-04;0.180
4.65E-04;0.172
4.65E-04;0.184
4.66E-04;0.180
4.66E-04;0.176
4.66E-04;0.180
4.66E-04;0.172
4.66E-04;0.176
4.67E-04;0.168
4.67E-04;0.172
4.67E-04;0.176
4.67E-04;0.168
4.67E-04;0.168
4.68E-04;0.176
4.68E-04;0.168
4.68E-04;0.172
4.68E-04;0.172
4.68E-04;0.164
4.69E-04;0.164
4.69E-04;0.164
4.69E-04;0.160
4.69E-04;0.164
4.69E-04;0.164
4.70E-04;0.160
4.70E-04;0.168
4.70E-04;0.164
4.70E-04;0.160
4.70E-04;0.160
4.71E-04;0.160
4.71E-04;0.160
4.71E-04;0.160
4.71E-04;0.152
4.71E-04;0.156
4.72E-04;0.156
4.72E-04;0.152
4.72E-04;0.156
4.72E-04;0.152
4.72E-04;0.144
4.73E-04;0.152
4.73E-04;0.140
4.73E-04;0.148
4.73E-04;0.144
4.73E-04;0.148
4.74E-04;0.140
4.74E-04;0.144
4.74E-04;0.140
4.74E-04;0.136
4.74E-04;0.140
4.75E-04;0.132
4.75E-04;0.132
4.75E-04;0.140
4.75E-04;0.132
4.75E-04;0.128
4.76E-04;0.136
4.76E-04;0.128
4.76E-04;0.132
4.76E-04;0.128
4.76E-04;0.120
4.77E-04;0.128
4.77E-04;0.128
4.77E-04;0.128
4.77E-04;0.128
4.77E-04;0.124
4.78E-04;0.120
4.78E-04;0.120
4.78E-04;0.124
4.78E-04;0.116
4.78E-04;0.128
4.79E-04;0.112
4.79E-04;0.112
4.79E-04;0.116
4.79E-04;0.108
4.79E-04;0.112
4.80E-04;0.112
4.80E-04;0.104
4.80E-04;0.112
4.80E-04;0.104
4.80E-04;0.104
4.81E-04;0.104
4.81E-04;0.100
4.81E-04;0.108
4.81E-04;0.096
4.81E-04;0.104
4.82E-04;0.092
4.82E-04;0.100
4.82E-04;0.096
4.82E-04;0.088
4.82E-04;0.092
4.83E-04;0.088
4.83E-04;0.092
4.83E-04;0.088
4.83E-04;0.084
4.83E-04;0.096
4.84E-04;0.092
4.84E-04;0.080
4.84E-04;0.088
4.84E-04;0.076
4.84E-04;0.076
4.85E-04;0.076
4.85E-04;0.080
4.85E-04;0.072
4.85E-04;0.072
4.85E-04;0.076
4.86E-04;0.068
4.86E-04;0.068
4.86E-04;0.068
4.86E-04;0.064
4.86E-04;0.072
4.87E-04;0.056
4.87E-04;0.068
4.87E-04;0.064
4.87E-04;0.060
4.87E-04;0.064
4.88E-04;0.056
4.88E-04;0.052
4.88E-04;0.060
4.88E-04;0.052
4.88E-04;0.048
4.89E-04;0.048
4.89E-04;0.052
4.89E-04;0.052
4.89E-04;0.044
4.89E-04;0.052
4.90E-04;0.044
4.90E-04;0.048
4.90E-04;0.048
4.90E-04;0.036
4.90E-04;0.044
4.91E-04;0.036
4.91E-04;0.036
4.91E-04;0.036
4.91E-04;0.032
4.91E-04;0.036
4.92E-04;0.036
4.92E-04;0.028
4.92E-04;0.036
4.92E-04;0.024
4.92E-04;0.020
4.93E-04;0.024
4.93E-04;0.028
4.93E-04;0.028
4.93E-04;0.028
4.93E-04;0.016
4.94E-04;0.016
4.94E-04;0.020
4.94E-04;0.016
4.94E-04;0.012
4.94E-04;0.016
4.95E-04;0.008
4.95E-04;0.016
4.95E-04;0.008
4.95E-04;0.004
4.95E-04;0.008
4.96E-04;0.004
4.96E-04;0.000
4.96E-04;0.008
4.96E-04;0.000
4.96E-04;0.008
4.97E-04;-0.004
4.97E-04;0.004
4.97E-04;-0.004
4.97E-04;-0.008
4.97E-04;0.000
4.98E-04;-0.016
4.98E-04;-0.012
4.98E-04;-0.020
4.98E-04;-0.012
4.98E-04;-0.012
4.99E-04;-0.020
4.99E-04;-0.016
4.99E-04;-0.020
4.99E-04;-0.020
4.99E-04;-0.016
5.00E-04;-0.020
5.00E-04;-0.024
5.00E-04;-0.020
5.00E-04;-0.032
5.00E-04;-0.024
5.01E-04;-0.024
5.01E-04;-0.024
5.01E-04;-0.032
5.01E-04;-0.024
5.01E-04;-0.032
5.02E-04;-0.036
5.02E-04;-0.036
5.02E-04;-0.040
5.02E-04;-0.044
5.02E-04;-0.036
5.03E-04;-0.048
5.03E-04;-0.040
5.03E-04;-0.048
5.03E-04;-0.044
5.03E-04;-0.040
5.04E-04;-0.048
5.04E-04;-0.048
5.04E-04;-0.048
5.04E-04;-0.056
5.04E-04;-0.052
5.05E-04;-0.056
5.05E-04;-0.052
5.05E-04;-0.052
5.05E-04;-0.052
5.05E-04;-0.052
5.06E-04;-0.064
5.06E-04;-0.056
5.06E-04;-0.064
5.06E-04;-0.060
5.06E-04;-0.064
5.07E-04;-0.068
5.07E-04;-0.072
5.07E-04;-0.068
5.07E-04;-0.072
5.07E-04;-0.068
5.08E-04;-0.072
5.08E-04;-0.076
5.08E-04;-0.072
5.08E-04;-0.084
5.08E-04;-0.076
5.09E-04;-0.080
5.09E-04;-0.084
5.09E-04;-0.080
5.09E-04;-0.080
5.09E-04;-0.084
5.10E-04;-0.084
5.10E-04;-0.084
5.10E-04;-0.096
5.10E-04;-0.084
5.10E-04;-0.092
5.11E-04;-0.096
5.11E-04;-0.092
5.11E-04;-0.096
5.11E-04;-0.100
5.11E-04;-0.096
5.12E-04;-0.104
5.12E-04;-0.092
5.12E-04;-0.096
5.12E-04;-0.104
5.12E-04;-0.104
5.13E-04;-0.112
5.13E-04;-0.096
5.13E-04;-0.108
5.13E-04;-0.104
5.13E-04;-0.108
5.14E-04;-0.112
5.14E-04;-0.104
5.14E-04;-0.112
5.14E-04;-0.108
5.14E-04;-0.116
5.15E-04;-0.120
5.15E-04;-0.112
5.15E-04;-0.120
5.15E-04;-0.120
5.15E-04;-0.112
5.16E-04;-0.124
5.16E-04;-0.120
5.16E-04;-0.124
5.16E-04;-0.128
5.16E-04;-0.124
5.17E-04;-0.128
5.17E-04;-0.128
5.17E-04;-0.128
5.17E-04;-0.128
5.17E-04;-0.140
5.18E-04;-0.132
5.18E-04;-0.132
5.18E-04;-0.140
5.18E-04;-0.136
5.18E-04;-0.128
5.19E-04;-0.140
5.19E-04;-0.132
5.19E-04;-0.140
5.19E-04;-0.140
5.19E-04;-0.144
5.20E-04;-0.140
5.20E-04;-0.136
5.20E-04;-0.140
5.20E-04;-0.144
5.20E-04;-0.140
5.21E-04;-0.152
5.21E-04;-0.148
5.21E-04;-0.152
5.21E-04;-0.148
5.21E-04;-0.148
5.22E-04;-0.152
5.22E-04;-0.144
5.22E-04;-0.160
5.22E-04;-0.156
5.22E-04;-0.152
5.23E-04;-0.160
5.23E-04;-0.152
5.23E-04;-0.156
5.23E-04;-0.160
5.23E-04;-0.152
5.24E-04;-0.160
5.24E-04;-0.164
5.24E-04;-0.160
5.24E-04;-0.164
5.24E-04;-0.164
5.25E-04;-0.168
5.25E-04;-0.164
5.25E-04;-0.164
5.25E-04;-0.164
5.25E-04;-0.172
5.26E-04;-0.168
5.26E-04;-0.172
5.26E-04;-0.176
5.26E-04;-0.164
5.26E-04;-0.172
5.27E-04;-0.172
5.27E-04;-0.168
5.27E-04;-0.176
5.27E-04;-0.172
5.27E-04;-0.176
5.28E-04;-0.180
5.28E-04;-0.168
5.28E-04;-0.176
5.28E-04;-0.184
5.28E-04;-0.180
5.29E-04;-0.188
5.29E-04;-0.172
5.29E-04;-0.180
5.29E-04;-0.180
5.29E-04;-0.180
5.30E-04;-0.184
5.30E-04;-0.180
5.30E-04;-0.184
5.30E-04;-0.184
5.30E-04;-0.188
5.31E-04;-0.188
5.31E-04;-0.188
5.31E-04;-0.184
5.31E-04;-0.188
5.31E-04;-0.184
5.32E-04;-0.196
5.32E-04;-0.184
5.32E-04;-0.192
5.32E-04;-0.188
5.32E-04;-0.192
5.33E-04;-0.192
5.33E-04;-0.188
5.33E-04;-0.196
5.33E-04;-0.196
5.33E-04;-0.192
5.34E-04;-0.196
5.34E-04;-0.192
5.34E-04;-0.192
5.34E-04;-0.188
5.34E-04;-0.200
5.35E-04;-0.192
5.35E-04;-0.188
5.35E-04;-0.200
5.35E-04;-0.196
5.35E-04;-0.196
5.36E-04;-0.200
5.36E-04;-0.196
5.36E-04;-0.200
5.36E-04;-0.200
5.36E-04;-0.200
5.37E-04;-0.200
5.37E-04;-0.200
5.37E-04;-0.204
5.37E-04;-0.200
5.37E-04;-0.204
5.38E-04;-0.204
5.38E-04;-0.204
5.38E-04;-0.200
5.38E-04;-0.200
5.38E-04;-0.204
5.39E-04;-0.204
5.39E-04;-0.204
5.39E-04;-0.212
5.39E-04;-0.208
5.39E-04;-0.200
5.40E-04;-0.208
5.40E-04;-0.196
5.40E-04;-0.204
5.40E-04;-0.208
5.40E-04;-0.204
5.41E-04;-0.212
5.41E-04;-0.208
5.41E-04;-0.204
5.41E-04;-0.200
5.41E-04;-0.204
5.42E-04;-0.200
5.42E-04;-0.204
5.42E-04;-0.204
5.42E-04;-0.200
5.42E-04;-0.212
5.43E-04;-0.204
5.43E-04;-0.200
5.43E-04;-0.204
5.43E-04;-0.204
5.43E-04;-0.204
5.44E-04;-0.208
5.44E-04;-0.208
5.44E-04;-0.212
5.44E-04;-0.212
5.44E-04;-0.208
5.45E-04;-0.208
5.45E-04;-0.204
5.45E-04;-0.212
5.45E-04;-0.200
5.45E-04;-0.212
5.46E-04;-0.208
5.46E-04;-0.212
5.46E-04;-0.208
5.46E-04;-0.204
5.46E-04;-0.212
5.47E-04;-0.204
5.47E-04;-0.204
5.47E-04;-0.208
5.47E-04;-0.200
5.47E-04;-0.204
5.48E-04;-0.208
5.48E-04;-0.196
5.48E-04;-0.212
5.48E-04;-0.208
5.48E-04;-0.200
5.49E-04;-0.204
5.49E-04;-0.212
5.49E-04;-0.208
5.49E-04;-0.200
5.49E-04;-0.204
5.50E-04;-0.204
5.50E-04;-0.204
5.50E-04;-0.208
5.50E-04;-0.200
5.50E-04;-0.208
5.51E-04;-0.204
5.51E-04;-0.196
5.51E-04;-0.204
5.51E-04;-0.196
5.51E-04;-0.196
5.52E-04;-0.204
5.52E-04;-0.200
5.52E-04;-0.204
5.52E-04;-0.200
5.52E-04;-0.200
5.53E-04;-0.204
5.53E-04;-0.196
5.53E-04;-0.200
5.53E-04;-0.196
5.53E-04;-0.200
5.54E-04;-0.200
5.54E-04;-0.196
5.54E-04;-0.204
5.54E-04;-0.196
5.54E-04;-0.204
5.55E-04;-0.200
5.55E-04;-0.196
5.55E-04;-0.200
5.55E-04;-0.196
5.55E-04;-0.192
5.56E-04;-0.200
5.56E-04;-0.192
5.56E-04;-0.204
5.56E-04;-0.188
5.56E-04;-0.196
5.57E-04;-0.188
5.57E-04;-0.192
5.57E-04;-0.188
5.57E-04;-0.192
5.57E-04;-0.192
5.58E-04;-0.184
5.58E-04;-0.192
5.58E-04;-0.192
5.58E-04;-0.184
5.58E-04;-0.196
5.59E-04;-0.180
5.59E-04;-0.184
5.59E-04;-0.192
5.59E-04;-0.184
5.59E-04;-0.180
5.60E-04;-0.184
5.60E-04;-0.180
5.60E-04;-0.188
5.60E-04;-0.180
5.60E-04;-0.180
5.61E-04;-0.184
5.61E-04;-0.176
5.61E-04;-0.184
5.61E-04;-0.172
5.61E-04;-0.180
5.62E-04;-0.180
5.62E-04;-0.180
5.62E-04;-0.180
5.62E-04;-0.168
5.62E-04;-0.176
5.63E-04;-0.176
5.63E-04;-0.168
5.63E-04;-0.176
5.63E-04;-0.168
5.63E-04;-0.164
5.64E-04;-0.172
5.64E-04;-0.164
5.64E-04;-0.168
5.64E-04;-0.164
5.64E-04;-0.168
5.65E-04;-0.168
5.65E-04;-0.168
5.65E-04;-0.164
5.65E-04;-0.164
5.65E-04;-0.164
5.66E-04;-0.164
5.66E-04;-0.160
5.66E-04;-0.164
5.66E-04;-0.152
5.66E-04;-0.160
5.67E-04;-0.156
5.67E-04;-0.156
5.67E-04;-0.164
5.67E-04;-0.152
5.67E-04;-0.152
5.68E-04;-0.160
5.68E-04;-0.148
5.68E-04;-0.156
5.68E-04;-0.148
5.68E-04;-0.144
5.69E-04;-0.156
5.69E-04;-0.144
5.69E-04;-0.152
5.69E-04;-0.140
5.69E-04;-0.144
5.70E-04;-0.140
5.70E-04;-0.144
5.70E-04;-0.144
5.70E-04;-0.136
5.70E-04;-0.140
5.71E-04;-0.136
5.71E-04;-0.136
5.71E-04;-0.140
5.71E-04;-0.136
5.71E-04;-0.132
5.72E-04;-0.144
5.72E-04;-0.128
5.72E-04;-0.128
5.72E-04;-0.132
5.72E-04;-0.128
5.73E-04;-0.128
5.73E-04;-0.132
5.73E-04;-0.124
5.73E-04;-0.128
5.73E-04;-0.124
5.74E-04;-0.120
5.74E-04;-0.124
5.74E-04;-0.124
5.74E-04;-0.120
5.74E-04;-0.120
5.75E-04;-0.116
5.75E-04;-0.120
5.75E-04;-0.116
5.75E-04;-0.112
5.75E-04;-0.116
5.76E-04;-0.116
5.76E-04;-0.108
5.76E-04;-0.112
5.76E-04;-0.104
5.76E-04;-0.108
5.77E-04;-0.108
5.77E-04;-0.104
5.77E-04;-0.104
5.77E-04;-0.096
5.77E-04;-0.108
5.78E-04;-0.096
5.78E-04;-0.100
5.78E-04;-0.104
5.78E-04;-0.092
5.78E-04;-0.100
5.79E-04;-0.092
5.79E-04;-0.092
5.79E-04;-0.100
5.79E-04;-0.092
5.79E-04;-0.088
5.80E-04;-0.092
5.80E-04;-0.084
5.80E-04;-0.088
5.80E-04;-0.084
5.80E-04;-0.084
5.81E-04;-0.084
5.81E-04;-0.080
5.81E-04;-0.084
5.81E-04;-0.080
5.81E-04;-0.076
5.82E-04;-0.072
5.82E-04;-0.076
5.82E-04;-0.076
5.82E-04;-0.064
5.82E-04;-0.072
5.83E-04;-0.064
5.83E-04;-0.068
5.83E-04;-0.072
5.83E-04;-0.060
5.83E-04;-0.060
5.84E-04;-0.060
5.84E-04;-0.056
5.84E-04;-0.064
5.84E-04;-0.052
5.84E-04;-0.060
5.85E-04;-0.052
5.85E-04;-0.056
5.85E-04;-0.060
5.85E-04;-0.044
5.85E-04;-0.056
5.86E-04;-0.048
5.86E-04;-0.048
5.86E-04;-0.048
5.86E-04;-0.040
5.86E-04;-0.048
5.87E-04;-0.040
5.87E-04;-0.044
5.87E-04;-0.044
5.87E-04;-0.036
5.87E-04;-0.036
5.88E-04;-0.040
5.88E-04;-0.028
5.88E-04;-0.032
5.88E-04;-0.036
5.88E-04;-0.032
5.89E-04;-0.036
5.89E-04;-0.028
5.89E-04;-0.024
5.89E-04;-0.028
5.89E-04;-0.024
5.90E-04;-0.020
5.90E-04;-0.020
5.90E-04;-0.028
5.90E-04;-0.020
5.90E-04;-0.020
5.91E-04;-0.016
5.91E-04;-0.008
5.91E-04;-0.020
5.91E-04;-0.012
5.91E-04;-0.016
5.92E-04;-0.016
5.92E-04;-0.008
5.92E-04;-0.008
5.92E-04;0.000
5.92E-04;-0.008
5.93E-04;-0.004
5.93E-04;0.000
5.93E-04;-0.008
5.93E-04;0.008
5.93E-04;0.000
5.94E-04;0.004
5.94E-04;0.008
5.94E-04;0.000
5.94E-04;0.008
5.94E-04;0.004
5.95E-04;0.008
5.95E-04;0.016
5.95E-04;0.012
5.95E-04;0.016
5.95E-04;0.016
5.96E-04;0.008
5.96E-04;0.028
5.96E-04;0.016
5.96E-04;0.020
5.96E-04;0.020
5.97E-04;0.024
5.97E-04;0.020
5.97E-04;0.020
5.97E-04;0.032
5.97E-04;0.028
5.98E-04;0.032
5.98E-04;0.032
5.98E-04;0.032
5.98E-04;0.036
5.98E-04;0.032
5.99E-04;0.040
5.99E-04;0.044
5.99E-04;0.036
5.99E-04;0.040
5.99E-04;0.044
6.00E-04;0.044
6.00E-04;0.048
6.00E-04;0.044
6.00E-04;0.044
6.00E-04;0.052
6.01E-04;0.044
6.01E-04;0.056
6.01E-04;0.048
6.01E-04;0.052
6.01E-04;0.052
6.02E-04;0.056
6.02E-04;0.056
6.02E-04;0.056
6.02E-04;0.064
6.02E-04;0.060
6.03E-04;0.060
6.03E-04;0.072
6.03E-04;0.068
6.03E-04;0.064
6.03E-04;0.072
6.04E-04;0.064
6.04E-04;0.076
6.04E-04;0.068
6.04E-04;0.072
6.04E-04;0.072
6.05E-04;0.072
6.05E-04;0.076
6.05E-04;0.080
6.05E-04;0.076
6.05E-04;0.076
6.06E-04;0.084
6.06E-04;0.088
6.06E-04;0.088
6.06E-04;0.092
6.06E-04;0.088
6.07E-04;0.092
6.07E-04;0.092
6.07E-04;0.084
6.07E-04;0.096
6.07E-04;0.100
6.08E-04;0.096
6.08E-04;0.096
6.08E-04;0.096
6.08E-04;0.096
6.08E-04;0.104
6.09E-04;0.100
6.09E-04;0.104
6.09E-04;0.092
6.09E-04;0.108
6.09E-04;0.104
6.10E-04;0.108
6.10E-04;0.112
6.10E-04;0.108
6.10E-04;0.112
6.10E-04;0.108
6.11E-04;0.116
6.11E-04;0.116
6.11E-04;0.112
6.11E-04;0.116
6.11E-04;0.128
6.12E-04;0.112
6.12E-04;0.124
6.12E-04;0.120
6.12E-04;0.124
6.12E-04;0.124
6.13E-04;0.124
6.13E-04;0.132
6.13E-04;0.124
6.13E-04;0.124
6.13E-04;0.128
6.14E-04;0.136
6.14E-04;0.128
6.14E-04;0.128
6.14E-04;0.136
6.14E-04;0.132
6.15E-04;0.132
6.15E-04;0.144
6.15E-04;0.132
6.15E-04;0.144
6.15E-04;0.144
6.16E-04;0.136
6.16E-04;0.144
6.16E-04;0.144
6.16E-04;0.140
6.16E-04;0.148
6.17E-04;0.148
6.17E-04;0.144
6.17E-04;0.152
6.17E-04;0.144
6.17E-04;0.160
6.18E-04;0.152
6.18E-04;0.148
6.18E-04;0.160
6.18E-04;0.148
6.18E-04;0.164
6.19E-04;0.160
6.19E-04;0.160
6.19E-04;0.160
6.19E-04;0.160
6.19E-04;0.160
6.20E-04;0.160
6.20E-04;0.160
6.20E-04;0.160
6.20E-04;0.164
6.20E-04;0.160
6.21E-04;0.164
6.21E-04;0.168
6.21E-04;0.172
6.21E-04;0.172
6.21E-04;0.168
6.22E-04;0.172
6.22E-04;0.164
6.22E-04;0.172
6.22E-04;0.168
6.22E-04;0.172
6.23E-04;0.168
6.23E-04;0.176
6.23E-04;0.172
6.23E-04;0.176
6.23E-04;0.176
6.24E-04;0.180
6.24E-04;0.176
6.24E-04;0.180
6.24E-04;0.180
6.24E-04;0.176
6.25E-04;0.188
6.25E-04;0.180
6.25E-04;0.184
6.25E-04;0.184
6.25E-04;0.188
6.26E-04;0.184
6.26E-04;0.184
6.26E-04;0.184
6.26E-04;0.188
6.26E-04;0.192
6.27E-04;0.184
6.27E-04;0.192
6.27E-04;0.188
6.27E-04;0.184
6.27E-04;0.192
6.28E-04;0.188
6.28E-04;0.196
6.28E-04;0.192
6.28E-04;0.192
6.28E-04;0.196
6.29E-04;0.200
6.29E-04;0.200
6.29E-04;0.200
6.29E-04;0.188
6.29E-04;0.196
6.30E-04;0.192
6.30E-04;0.192
6.30E-04;0.200
6.30E-04;0.196
6.30E-04;0.196
6.31E-04;0.204
6.31E-04;0.196
6.31E-04;0.200
6.31E-04;0.204
6.31E-04;0.204
6.32E-04;0.204
6.32E-04;0.196
6.32E-04;0.200
6.32E-04;0.204
6.32E-04;0.204
6.33E-04;0.200
6.33E-04;0.200
6.33E-04;0.204
6.33E-04;0.200
6.33E-04;0.204
6.34E-04;0.208
6.34E-04;0.208
6.34E-04;0.208
6.34E-04;0.204
6.34E-04;0.200
6.35E-04;0.208
6.35E-04;0.208
6.35E-04;0.208
6.35E-04;0.204
6.35E-04;0.208
6.36E-04;0.208
6.36E-04;0.204
6.36E-04;0.208
6.36E-04;0.212
6.36E-04;0.208
6.37E-04;0.204
6.37E-04;0.208
6.37E-04;0.204
6.37E-04;0.212
6.37E-04;0.212
6.38E-04;0.212
6.38E-04;0.216
6.38E-04;0.212
6.38E-04;0.212
6.38E-04;0.216
6.39E-04;0.208
6.39E-04;0.212
6.39E-04;0.216
6.39E-04;0.216
6.39E-04;0.212
6.40E-04;0.216
6.40E-04;0.216
6.40E-04;0.212
6.40E-04;0.212
6.40E-04;0.216
6.41E-04;0.212
6.41E-04;0.216
6.41E-04;0.212
6.41E-04;0.212
6.41E-04;0.216
6.42E-04;0.212
6.42E-04;0.212
6.42E-04;0.212
6.42E-04;0.216
6.42E-04;0.212
6.43E-04;0.216
6.43E-04;0.212
6.43E-04;0.212
6.43E-04;0.212
6.43E-04;0.212
6.44E-04;0.212
6.44E-04;0.216
6.44E-04;0.216
6.44E-04;0.212
6.44E-04;0.204
6.45E-04;0.212
6.45E-04;0.216
6.45E-04;0.212
6.45E-04;0.212
6.45E-04;0.216
6.46E-04;0.216
6.46E-04;0.208
6.46E-04;0.208
6.46E-04;0.204
6.46E-04;0.212
6.47E-04;0.216
6.47E-04;0.208
6.47E-04;0.208
6.47E-04;0.204
6.47E-04;0.208
6.48E-04;0.204
6.48E-04;0.208
6.48E-04;0.212
6.48E-04;0.208
6.48E-04;0.204
6.49E-04;0.208
6.49E-04;0.208
6.49E-04;0.212
6.49E-04;0.204
6.49E-04;0.208
6.50E-04;0.204
6.50E-04;0.200
6.50E-04;0.204
6.50E-04;0.208
6.50E-04;0.204
6.51E-04;0.200
6.51E-04;0.204
6.51E-04;0.200
6.51E-04;0.204
6.51E-04;0.196
6.52E-04;0.204
6.52E-04;0.200
6.52E-04;0.208
6.52E-04;0.200
6.52E-04;0.196
6.53E-04;0.200
6.53E-04;0.204
6.53E-04;0.200
6.53E-04;0.196
6.53E-04;0.196
6.54E-04;0.196
6.54E-04;0.196
6.54E-04;0.196
6.54E-04;0.196
6.54E-04;0.200
6.55E-04;0.188
6.55E-04;0.192
6.55E-04;0.188
6.55E-04;0.188
6.55E-04;0.192
6.56E-04;0.184
6.56E-04;0.188
6.56E-04;0.192
6.56E-04;0.188
6.56E-04;0.196
6.57E-04;0.184
6.57E-04;0.192
6.57E-04;0.192
6.57E-04;0.184
6.57E-04;0.188
6.58E-04;0.184
6.58E-04;0.176
6.58E-04;0.184
6.58E-04;0.184
6.58E-04;0.180
6.59E-04;0.188
6.59E-04;0.180
6.59E-04;0.184
6.59E-04;0.176
6.59E-04;0.176
6.60E-04;0.176
6.60E-04;0.180
6.60E-04;0.180
6.60E-04;0.176
6.60E-04;0.180
6.61E-04;0.176
6.61E-04;0.172
6.61E-04;0.180
6.61E-04;0.172
6.61E-04;0.172
6.62E-04;0.168
6.62E-04;0.168
6.62E-04;0.172
6.62E-04;0.168
6.62E-04;0.172
6.63E-04;0.164
6.63E-04;0.160
6.63E-04;0.168
6.63E-04;0.160
6.63E-04;0.164
6.64E-04;0.168
6.64E-04;0.164
6.64E-04;0.168
6.64E-04;0.160
6.64E-04;0.156
6.65E-04;0.160
6.65E-04;0.156
6.65E-04;0.160
6.65E-04;0.160
6.65E-04;0.148
6.66E-04;0.156
6.66E-04;0.152
6.66E-04;0.152
6.66E-04;0.156
6.66E-04;0.148
6.67E-04;0.148
6.67E-04;0.148
6.67E-04;0.140
6.67E-04;0.152
6.67E-04;0.140
6.68E-04;0.144
6.68E-04;0.144
6.68E-04;0.144
6.68E-04;0.144
6.68E-04;0.132
6.69E-04;0.140
6.69E-04;0.144
6.69E-04;0.132
6.69E-04;0.136
6.69E-04;0.132
6.70E-04;0.128
6.70E-04;0.140
6.70E-04;0.128
6.70E-04;0.124
6.70E-04;0.132
6.71E-04;0.128
6.71E-04;0.124
6.71E-04;0.124
6.71E-04;0.128
6.71E-04;0.124
6.72E-04;0.124
6.72E-04;0.120
6.72E-04;0.120
6.72E-04;0.120
6.72E-04;0.116
6.73E-04;0.108
6.73E-04;0.120
6.73E-04;0.112
6.73E-04;0.116
6.73E-04;0.112
6.74E-04;0.108
6.74E-04;0.116
6.74E-04;0.112
6.74E-04;0.108
6.74E-04;0.104
6.75E-04;0.104
6.75E-04;0.104
6.75E-04;0.108
6.75E-04;0.092
6.75E-04;0.108
6.76E-04;0.096
6.76E-04;0.100
6.76E-04;0.100
6.76E-04;0.100
6.76E-04;0.100
6.77E-04;0.088
6.77E-04;0.092
6.77E-04;0.092
6.77E-04;0.088
6.77E-04;0.088
6.78E-04;0.092
6.78E-04;0.080
6.78E-04;0.088
6.78E-04;0.084
6.78E-04;0.084
6.79E-04;0.080
6.79E-04;0.076
6.79E-04;0.076
6.79E-04;0.076
6.79E-04;0.080
6.80E-04;0.068
6.80E-04;0.072
6.80E-04;0.068
6.80E-04;0.068
6.80E-04;0.072
6.81E-04;0.072
6.81E-04;0.064
6.81E-04;0.072
6.81E-04;0.056
6.81E-04;0.068
6.82E-04;0.060
6.82E-04;0.056
6.82E-04;0.060
6.82E-04;0.056
6.82E-04;0.056
6.83E-04;0.056
6.83E-04;0.048
6.83E-04;0.056
6.83E-04;0.048
6.83E-04;0.052
6.84E-04;0.048
6.84E-04;0.044
6.84E-04;0.052
6.84E-04;0.044
6.84E-04;0.044
6.85E-04;0.040
6.85E-04;0.040
6.85E-04;0.040
6.85E-04;0.040
6.85E-04;0.032
6.86E-04;0.032
6.86E-04;0.032
6.86E-04;0.032
6.86E-04;0.032
6.86E-04;0.028
6.87E-04;0.036
6.87E-04;0.024
6.87E-04;0.028
6.87E-04;0.024
6.87E-04;0.028
6.88E-04;0.016
6.88E-04;0.020
6.88E-04;0.020
6.88E-04;0.020
6.88E-04;0.016
6.89E-04;0.020
6.89E-04;0.004
6.89E-04;0.016
6.89E-04;0.012
6.89E-04;0.004
6.90E-04;0.008
6.90E-04;0.008
6.90E-04;0.004
6.90E-04;0.008
6.90E-04;0.000
6.91E-04;0.000
6.91E-04;0.000
6.91E-04;-0.004
6.91E-04;0.000
6.91E-04;-0.012
6.92E-04;-0.004
6.92E-04;-0.004
6.92E-04;-0.012
6.92E-04;-0.008
6.92E-04;-0.016
6.93E-04;-0.012
6.93E-04;-0.012
6.93E-04;-0.020
6.93E-04;-0.016
6.93E-04;-0.016
6.94E-04;-0.024
6.94E-04;-0.020
6.94E-04;-0.024
6.94E-04;-0.020
6.94E-04;-0.024
6.95E-04;-0.028
6.95E-04;-0.028
6.95E-04;-0.028
6.95E-04;-0.028
6.95E-04;-0.036
6.96E-04;-0.032
6.96E-04;-0.036
6.96E-04;-0.032
6.96E-04;-0.036
6.96E-04;-0.040
6.97E-04;-0.040
6.97E-04;-0.040
6.97E-04;-0.044
6.97E-04;-0.040
6.97E-04;-0.044
6.98E-04;-0.048
6.98E-04;-0.044
6.98E-04;-0.048
6.98E-04;-0.048
6.98E-04;-0.044
6.99E-04;-0.056
6.99E-04;-0.044
6.99E-04;-0.056
6.99E-04;-0.048
6.99E-04;-0.056
7.00E-04;-0.060
7.00E-04;-0.056
7.00E-04;-0.064
7.00E-04;-0.052
7.00E-04;-0.068
7.01E-04;-0.068
7.01E-04;-0.064
7.01E-04;-0.068
7.01E-04;-0.068
7.01E-04;-0.068
7.02E-04;-0.072
7.02E-04;-0.072
7.02E-04;-0.076
7.02E-04;-0.076
7.02E-04;-0.076
7.03E-04;-0.080
7.03E-04;-0.080
7.03E-04;-0.080
7.03E-04;-0.076
7.03E-04;-0.080
7.04E-04;-0.084
7.04E-04;-0.080
7.04E-04;-0.084
7.04E-04;-0.088
7.04E-04;-0.084
7.05E-04;-0.088
7.05E-04;-0.088
7.05E-04;-0.096
7.05E-04;-0.092
7.05E-04;-0.088
7.06E-04;-0.104
7.06E-04;-0.096
7.06E-04;-0.104
7.06E-04;-0.104
7.06E-04;-0.092
7.07E-04;-0.104
7.07E-04;-0.108
7.07E-04;-0.100
7.07E-04;-0.108
7.07E-04;-0.104
7.08E-04;-0.116
7.08E-04;-0.104
7.08E-04;-0.108
7.08E-04;-0.112
7.08E-04;-0.112
7.09E-04;-0.116
7.09E-04;-0.112
7.09E-04;-0.116
7.09E-04;-0.116
7.09E-04;-0.112
7.10E-04;-0.120
7.10E-04;-0.124
7.10E-04;-0.120
7.10E-04;-0.120
7.10E-04;-0.124
7.11E-04;-0.124
7.11E-04;-0.128
7.11E-04;-0.132
7.11E-04;-0.128
7.11E-04;-0.128
7.12E-04;-0.128
7.12E-04;-0.128
7.12E-04;-0.128
7.12E-04;-0.128
7.12E-04;-0.132
7.13E-04;-0.136
7.13E-04;-0.132
7.13E-04;-0.136
7.13E-04;-0.140
7.13E-04;-0.136
7.14E-04;-0.140
7.14E-04;-0.140
7.14E-04;-0.140
7.14E-04;-0.144
7.14E-04;-0.140
7.15E-04;-0.144
7.15E-04;-0.148
7.15E-04;-0.144
7.15E-04;-0.156
7.15E-04;-0.148
7.16E-04;-0.152
7.16E-04;-0.148
7.16E-04;-0.156
7.16E-04;-0.152
7.16E-04;-0.156
7.17E-04;-0.156
7.17E-04;-0.152
7.17E-04;-0.156
7.17E-04;-0.152
7.17E-04;-0.156
7.18E-04;-0.156
7.18E-04;-0.164
7.18E-04;-0.160
7.18E-04;-0.164
7.18E-04;-0.156
7.19E-04;-0.168
7.19E-04;-0.164
7.19E-04;-0.164
7.19E-04;-0.168
7.19E-04;-0.164
7.20E-04;-0.168
7.20E-04;-0.164
7.20E-04;-0.172
7.20E-04;-0.172
7.20E-04;-0.168
7.21E-04;-0.168
7.21E-04;-0.172
7.21E-04;-0.164
7.21E-04;-0.180
7.21E-04;-0.168
7.22E-04;-0.176
7.22E-04;-0.180
7.22E-04;-0.172
7.22E-04;-0.184
7.22E-04;-0.176
7.23E-04;-0.172
7.23E-04;-0.184
7.23E-04;-0.176
7.23E-04;-0.180
7.23E-04;-0.176
7.24E-04;-0.180
7.24E-04;-0.184
7.24E-04;-0.176
7.24E-04;-0.188
7.24E-04;-0.180
7.25E-04;-0.188
7.25E-04;-0.184
7.25E-04;-0.184
7.25E-04;-0.192
7.25E-04;-0.184
7.26E-04;-0.188
7.26E-04;-0.196
7.26E-04;-0.188
7.26E-04;-0.192
7.26E-04;-0.192
7.27E-04;-0.192
7.27E-04;-0.192
7.27E-04;-0.188
7.27E-04;-0.196
7.27E-04;-0.192
7.28E-04;-0.196
7.28E-04;-0.188
7.28E-04;-0.196
7.28E-04;-0.196
7.28E-04;-0.196
7.29E-04;-0.196
7.29E-04;-0.196
7.29E-04;-0.196
7.29E-04;-0.204
7.29E-04;-0.196
7.30E-04;-0.200
7.30E-04;-0.200
7.30E-04;-0.192
7.30E-04;-0.200
7.30E-04;-0.200
7.31E-04;-0.192
7.31E-04;-0.204
7.31E-04;-0.200
7.31E-04;-0.200
7.31E-04;-0.196
7.32E-04;-0.196
7.32E-04;-0.204
7.32E-04;-0.200
7.32E-04;-0.204
7.32E-04;-0.200
7.33E-04;-0.208
7.33E-04;-0.204
7.33E-04;-0.200
7.33E-04;-0.204
7.33E-04;-0.200
7.34E-04;-0.204
7.34E-04;-0.204
7.34E-04;-0.200
7.34E-04;-0.204
7.34E-04;-0.204
7.35E-04;-0.204
7.35E-04;-0.212
7.35E-04;-0.200
7.35E-04;-0.204
7.35E-04;-0.204
7.36E-04;-0.204
7.36E-04;-0.208
7.36E-04;-0.200
7.36E-04;-0.212
7.36E-04;-0.208
7.37E-04;-0.204
7.37E-04;-0.208
7.37E-04;-0.204
7.37E-04;-0.208
7.37E-04;-0.208
7.38E-04;-0.204
7.38E-04;-0.216
7.38E-04;-0.208
7.38E-04;-0.212
7.38E-04;-0.212
7.39E-04;-0.208
7.39E-04;-0.204
7.39E-04;-0.204
7.39E-04;-0.208
7.39E-04;-0.212
7.40E-04;-0.200
7.40E-04;-0.212
7.40E-04;-0.204
7.40E-04;-0.212
7.40E-04;-0.204
7.41E-04;-0.200
7.41E-04;-0.208
7.41E-04;-0.208
7.41E-04;-0.200
7.41E-04;-0.204
7.42E-04;-0.204
7.42E-04;-0.212
7.42E-04;-0.212
7.42E-04;-0.208
7.42E-04;-0.212
7.43E-04;-0.208
7.43E-04;-0.212
7.43E-04;-0.212
7.43E-04;-0.204
7.43E-04;-0.208
7.44E-04;-0.212
7.44E-04;-0.208
7.44E-04;-0.208
7.44E-04;-0.200
7.44E-04;-0.200
7.45E-04;-0.204
7.45E-04;-0.204
7.45E-04;-0.196
7.45E-04;-0.204
7.45E-04;-0.204
7.46E-04;-0.196
7.46E-04;-0.204
7.46E-04;-0.196
7.46E-04;-0.196
7.46E-04;-0.212
7.47E-04;-0.200
7.47E-04;-0.200
7.47E-04;-0.196
7.47E-04;-0.196
7.47E-04;-0.208
7.48E-04;-0.200
7.48E-04;-0.208
7.48E-04;-0.196
7.48E-04;-0.196
7.48E-04;-0.196
7.49E-04;-0.196
7.49E-04;-0.196
7.49E-04;-0.196
7.49E-04;-0.200
7.49E-04;-0.200
7.50E-04;-0.196
7.50E-04;-0.196
7.50E-04;-0.200
7.50E-04;-0.188
7.50E-04;-0.200
7.51E-04;-0.188
7.51E-04;-0.196
7.51E-04;-0.188
7.51E-04;-0.188
7.51E-04;-0.188
7.52E-04;-0.192
7.52E-04;-0.196
7.52E-04;-0.192
7.52E-04;-0.188
7.52E-04;-0.188
7.53E-04;-0.184
7.53E-04;-0.188
7.53E-04;-0.192
7.53E-04;-0.184
7.53E-04;-0.188
7.54E-04;-0.176
7.54E-04;-0.188
7.54E-04;-0.180
7.54E-04;-0.180
7.54E-04;-0.192
7.55E-04;-0.180
7.55E-04;-0.180
7.55E-04;-0.188
7.55E-04;-0.176
7.55E-04;-0.188
7.56E-04;-0.172
7.56E-04;-0.176
7.56E-04;-0.184
7.56E-04;-0.176
7.56E-04;-0.180
7.57E-04;-0.168
7.57E-04;-0.180
7.57E-04;-0.176
7.57E-04;-0.168
7.57E-04;-0.172
7.58E-04;-0.176
7.58E-04;-0.172
7.58E-04;-0.168
7.58E-04;-0.164
7.58E-04;-0.168
7.59E-04;-0.168
7.59E-04;-0.168
7.59E-04;-0.164
7.59E-04;-0.164
7.59E-04;-0.164
7.60E-04;-0.164
7.60E-04;-0.168
7.60E-04;-0.168
7.60E-04;-0.164
7.60E-04;-0.164
7.61E-04;-0.160
7.61E-04;-0.156
7.61E-04;-0.160
7.61E-04;-0.152
7.61E-04;-0.160
7.62E-04;-0.156
7.62E-04;-0.156
7.62E-04;-0.160
7.62E-04;-0.152
7.62E-04;-0.148
7.63E-04;-0.156
7.63E-04;-0.148
7.63E-04;-0.152
7.63E-04;-0.148
7.63E-04;-0.148
7.64E-04;-0.152
7.64E-04;-0.140
7.64E-04;-0.152
7.64E-04;-0.132
7.64E-04;-0.148
7.65E-04;-0.132
7.65E-04;-0.136
7.65E-04;-0.136
7.65E-04;-0.128
7.65E-04;-0.136
7.66E-04;-0.136
7.66E-04;-0.132
7.66E-04;-0.140
7.66E-04;-0.132
7.66E-04;-0.128
7.67E-04;-0.132
7.67E-04;-0.124
7.67E-04;-0.128
7.67E-04;-0.128
7.67E-04;-0.128
7.68E-04;-0.128
7.68E-04;-0.120
7.68E-04;-0.128
7.68E-04;-0.120
7.68E-04;-0.124
7.69E-04;-0.116
7.69E-04;-0.120
7.69E-04;-0.116
7.69E-04;-0.120
7.69E-04;-0.112
7.70E-04;-0.120
7.70E-04;-0.112
7.70E-04;-0.112
7.70E-04;-0.108
7.70E-04;-0.104
7.71E-04;-0.112
7.71E-04;-0.108
7.71E-04;-0.100
7.71E-04;-0.108
7.71E-04;-0.100
7.72E-04;-0.104
7.72E-04;-0.096
7.72E-04;-0.100
7.72E-04;-0.104
7.72E-04;-0.092
7.73E-04;-0.096
7.73E-04;-0.092
7.73E-04;-0.092
7.73E-04;-0.096
7.73E-04;-0.084
7.74E-04;-0.096
7.74E-04;-0.084
7.74E-04;-0.088
7.74E-04;-0.092
7.74E-04;-0.084
7.75E-04;-0.080
7.75E-04;-0.084
7.75E-04;-0.076
7.75E-04;-0.080
7.75E-04;-0.080
7.76E-04;-0.076
7.76E-04;-0.072
7.76E-04;-0.072
7.76E-04;-0.076
7.76E-04;-0.076
7.77E-04;-0.064
7.77E-04;-0.068
7.77E-04;-0.068
7.77E-04;-0.072
7.77E-04;-0.064
7.78E-04;-0.068
7.78E-04;-0.060
7.78E-04;-0.064
7.78E-04;-0.060
7.78E-04;-0.056
7.79E-04;-0.060
7.79E-04;-0.056
7.79E-04;-0.056
7.79E-04;-0.056
7.79E-04;-0.052
7.80E-04;-0.056
7.80E-04;-0.056
7.80E-04;-0.044
7.80E-04;-0.052
7.80E-04;-0.044
7.81E-04;-0.052
7.81E-04;-0.036
7.81E-04;-0.040
7.81E-04;-0.040
7.81E-04;-0.036
7.82E-04;-0.040
7.82E-04;-0.036
7.82E-04;-0.032
7.82E-04;-0.040
7.82E-04;-0.032
7.83E-04;-0.028
7.83E-04;-0.032
7.83E-04;-0.024
7.83E-04;-0.028
7.83E-04;-0.020
7.84E-04;-0.028
7.84E-04;-0.024
7.84E-04;-0.024
7.84E-04;-0.024
7.84E-04;-0.020
7.85E-04;-0.020
7.85E-04;-0.020
7.85E-04;-0.020
7.85E-04;-0.024
7.85E-04;-0.016
7.86E-04;-0.012
7.86E-04;-0.016
7.86E-04;-0.008
7.86E-04;-0.008
7.86E-04;-0.004
7.87E-04;-0.004
7.87E-04;-0.008
7.87E-04;-0.004
7.87E-04;0.000
7.87E-04;0.000
7.88E-04;0.004
7.88E-04;-0.004
7.88E-04;0.008
7.88E-04;0.004
7.88E-04;0.004
7.89E-04;0.008
7.89E-04;0.004
7.89E-04;0.012
7.89E-04;0.016
7.89E-04;0.012
7.90E-04;0.020
7.90E-04;0.016
7.90E-04;0.020
7.90E-04;0.016
7.90E-04;0.020
7.91E-04;0.028
7.91E-04;0.024
7.91E-04;0.020
7.91E-04;0.024
7.91E-04;0.028
7.92E-04;0.032
7.92E-04;0.028
7.92E-04;0.036
7.92E-04;0.032
7.92E-04;0.040
7.93E-04;0.032
7.93E-04;0.036
7.93E-04;0.036
7.93E-04;0.036
7.93E-04;0.036
7.94E-04;0.036
7.94E-04;0.040
7.94E-04;0.048
7.94E-04;0.040
7.94E-04;0.040
7.95E-04;0.052
7.95E-04;0.052
7.95E-04;0.048
7.95E-04;0.056
7.95E-04;0.052
7.96E-04;0.060
7.96E-04;0.056
7.96E-04;0.056
7.96E-04;0.060
7.96E-04;0.052
7.97E-04;0.064
7.97E-04;0.060
7.97E-04;0.072
7.97E-04;0.064
7.97E-04;0.068
7.98E-04;0.068
7.98E-04;0.068
7.98E-04;0.068
7.98E-04;0.068
7.98E-04;0.072
7.99E-04;0.080
7.99E-04;0.072
7.99E-04;0.076
7.99E-04;0.080
7.99E-04;0.080
8.00E-04;0.084
8.00E-04;0.080
8.00E-04;0.088
8.00E-04;0.088
8.00E-04;0.080
8.01E-04;0.092
8.01E-04;0.088
8.01E-04;0.088
8.01E-04;0.092
8.01E-04;0.092
8.02E-04;0.096
8.02E-04;0.096
8.02E-04;0.096
8.02E-04;0.104
8.02E-04;0.096
8.03E-04;0.100
8.03E-04;0.104
8.03E-04;0.100
8.03E-04;0.104
8.03E-04;0.100
8.04E-04;0.104
8.04E-04;0.112
8.04E-04;0.104
8.04E-04;0.116
8.04E-04;0.108
8.05E-04;0.108
8.05E-04;0.112
8.05E-04;0.112
8.05E-04;0.112
8.05E-04;0.112
8.06E-04;0.116
8.06E-04;0.124
8.06E-04;0.112
8.06E-04;0.120
8.06E-04;0.124
8.07E-04;0.124
8.07E-04;0.132
8.07E-04;0.128
8.07E-04;0.124
8.07E-04;0.132
8.08E-04;0.120
8.08E-04;0.136
8.08E-04;0.128
