2.00E-07,-0.034
4.00E-07,-0.034
6.00E-07,-0.034
8.00E-07,-0.034
1.00E-06,-0.030
1.20E-06,-0.034
1.40E-06,-0.032
1.60E-06,-0.032
1.80E-06,-0.028
2.00E-06,-0.030
2.20E-06,-0.030
2.40E-06,-0.030
2.60E-06,-0.028
2.80E-06,-0.028
3.00E-06,-0.028
3.20E-06,-0.026
3.40E-06,-0.026
3.60E-06,-0.028
3.80E-06,-0.024
4.00E-06,-0.024
4.20E-06,-0.024
4.40E-06,-0.020
4.60E-06,-0.022
4.80E-06,-0.026
5.00E-06,-0.018
5.20E-06,-0.020
5.40E-06,-0.018
5.60E-06,-0.018
5.80E-06,-0.024
6.00E-06,-0.012
6.20E-06,-0.024
6.40E-06,-0.014
6.60E-06,-0.014
6.80E-06,-0.018
7.00E-06,-0.012
7.20E-06,-0.018
7.40E-06,-0.016
7.60E-06,-0.014
7.80E-06,-0.020
8.00E-06,-0.010
8.20E-06,-0.014
8.40E-06,-0.016
8.60E-06,-0.010
8.80E-06,-0.012
9.00E-06,-0.010
9.20E-06,-0.008
9.40E-06,-0.010
9.60E-06,-0.002
9.80E-06,-0.006
1.00E-05,-0.008
1.02E-05,0.000
1.04E-05,-0.012
1.06E-05,-0.002
1.08E-05,-0.004
1.10E-05,-0.004
1.12E-05,0.000
1.14E-05,-0.008
1.16E-05,0.002
1.18E-05,-0.002
1.20E-05,-0.002
1.22E-05,0.002
1.24E-05,0.000
1.26E-05,0.002
1.28E-05,0.006
1.30E-05,0.000
1.32E-05,0.002
1.34E-05,0.008
1.36E-05,-0.002
1.38E-05,0.014
1.40E-05,0.004
1.42E-05,0.006
1.44E-05,0.008
1.46E-05,0.006
1.48E-05,0.010
1.50E-05,0.006
1.52E-05,0.006
1.54E-05,0.010
1.56E-05,0.000
1.58E-05,0.014
1.60E-05,0.008
1.62E-05,0.010
1.64E-05,0.014
1.66E-05,0.010
1.68E-05,0.014
1.70E-05,0.018
1.72E-05,0.012
1.74E-05,0.016
1.76E-05,0.018
1.78E-05,0.016
1.80E-05,0.024
1.82E-05,0.014
1.84E-05,0.028
1.86E-05,0.016
1.88E-05,0.024
1.90E-05,0.022
1.92E-05,0.020
1.94E-05,0.028
1.96E-05,0.022
1.98E-05,0.026
2.00E-05,0.026
2.02E-05,0.026
2.04E-05,0.028
2.06E-05,0.032
2.08E-05,0.024
2.10E-05,0.032
2.12E-05,0.028
2.14E-05,0.028
2.16E-05,0.030
2.18E-05,0.028
2.20E-05,0.030
2.22E-05,0.034
2.24E-05,0.032
2.26E-05,0.030
2.28E-05,0.038
2.30E-05,0.030
2.32E-05,0.032
2.34E-05,0.036
2.36E-05,0.030
2.38E-05,0.036
2.40E-05,0.034
2.42E-05,0.034
2.44E-05,0.036
2.46E-05,0.038
2.48E-05,0.036
2.50E-05,0.040
2.52E-05,0.034
2.54E-05,0.042
2.56E-05,0.040
2.58E-05,0.042
2.60E-05,0.046
2.62E-05,0.040
2.64E-05,0.048
2.66E-05,0.036
2.68E-05,0.048
2.70E-05,0.042
2.72E-05,0.046
2.74E-05,0.046
2.76E-05,0.044
2.78E-05,0.050
2.80E-05,0.046
2.82E-05,0.050
2.84E-05,0.048
2.86E-05,0.056
2.88E-05,0.048
2.90E-05,0.054
2.92E-05,0.050
2.94E-05,0.054
2.96E-05,0.054
2.98E-05,0.054
3.00E-05,0.056
3.02E-05,0.052
3.04E-05,0.058
3.06E-05,0.056
3.08E-05,0.056
3.10E-05,0.056
3.12E-05,0.058
3.14E-05,0.062
3.16E-05,0.058
3.18E-05,0.062
3.20E-05,0.062
3.22E-05,0.060
3.24E-05,0.062
3.26E-05,0.062
3.28E-05,0.062
3.30E-05,0.062
3.32E-05,0.062
3.34E-05,0.060
3.36E-05,0.066
3.38E-05,0.060
3.40E-05,0.066
3.42E-05,0.062
3.44E-05,0.068
3.46E-05,0.062
3.48E-05,0.062
3.50E-05,0.066
3.52E-05,0.064
3.54E-05,0.068
3.56E-05,0.066
3.58E-05,0.066
3.60E-05,0.068
3.62E-05,0.068
3.64E-05,0.066
3.66E-05,0.072
3.68E-05,0.068
3.70E-05,0.072
3.72E-05,0.072
3.74E-05,0.072
3.76E-05,0.072
3.78E-05,0.074
3.80E-05,0.072
3.82E-05,0.072
3.84E-05,0.076
3.86E-05,0.068
3.88E-05,0.076
3.90E-05,0.074
3.92E-05,0.076
3.94E-05,0.078
3.96E-05,0.074
3.98E-05,0.078
4.00E-05,0.082
4.02E-05,0.076
4.04E-05,0.080
4.06E-05,0.076
4.08E-05,0.080
4.10E-05,0.082
4.12E-05,0.080
4.14E-05,0.078
4.16E-05,0.082
4.18E-05,0.076
4.20E-05,0.084
4.22E-05,0.078
4.24E-05,0.086
4.26E-05,0.078
4.28E-05,0.082
4.30E-05,0.082
4.32E-05,0.080
4.34E-05,0.084
4.36E-05,0.084
4.38E-05,0.086
4.40E-05,0.084
4.42E-05,0.088
4.44E-05,0.084
4.46E-05,0.088
4.48E-05,0.082
4.50E-05,0.086
4.52E-05,0.084
4.54E-05,0.084
4.56E-05,0.088
4.58E-05,0.084
4.60E-05,0.088
4.62E-05,0.084
4.64E-05,0.090
4.66E-05,0.086
4.68E-05,0.088
4.70E-05,0.088
4.72E-05,0.090
4.74E-05,0.090
4.76E-05,0.090
4.78E-05,0.092
4.80E-05,0.096
4.82E-05,0.090
4.84E-05,0.092
4.86E-05,0.090
4.88E-05,0.090
4.90E-05,0.092
4.92E-05,0.092
4.94E-05,0.088
4.96E-05,0.096
4.98E-05,0.090
5.00E-05,0.092
5.02E-05,0.090
5.04E-05,0.096
5.06E-05,0.090
5.08E-05,0.094
5.10E-05,0.096
5.12E-05,0.090
5.14E-05,0.098
5.16E-05,0.092
5.18E-05,0.096
5.20E-05,0.094
5.22E-05,0.094
5.24E-05,0.096
5.26E-05,0.096
5.28E-05,0.094
5.30E-05,0.098
5.32E-05,0.096
5.34E-05,0.092
5.36E-05,0.094
5.38E-05,0.096
5.40E-05,0.096
5.42E-05,0.096
5.44E-05,0.098
5.46E-05,0.092
5.48E-05,0.100
5.50E-05,0.092
5.52E-05,0.098
5.54E-05,0.100
5.56E-05,0.096
5.58E-05,0.098
5.60E-05,0.098
5.62E-05,0.094
5.64E-05,0.098
5.66E-05,0.098
5.68E-05,0.096
5.70E-05,0.098
5.72E-05,0.098
5.74E-05,0.096
5.76E-05,0.100
5.78E-05,0.100
5.80E-05,0.102
5.82E-05,0.094
5.84E-05,0.104
5.86E-05,0.094
5.88E-05,0.100
5.90E-05,0.096
5.92E-05,0.096
5.94E-05,0.100
5.96E-05,0.096
5.98E-05,0.100
6.00E-05,0.100
6.02E-05,0.096
6.04E-05,0.100
6.06E-05,0.100
6.08E-05,0.096
6.10E-05,0.100
6.12E-05,0.100
6.14E-05,0.100
6.16E-05,0.098
6.18E-05,0.098
6.20E-05,0.096
6.22E-05,0.100
6.24E-05,0.100
6.26E-05,0.098
6.28E-05,0.100
6.30E-05,0.094
6.32E-05,0.096
6.34E-05,0.100
6.36E-05,0.092
6.38E-05,0.098
6.40E-05,0.096
6.42E-05,0.094
6.44E-05,0.100
6.46E-05,0.098
6.48E-05,0.094
6.50E-05,0.100
6.52E-05,0.094
6.54E-05,0.096
6.56E-05,0.096
6.58E-05,0.096
6.60E-05,0.098
6.62E-05,0.096
6.64E-05,0.100
6.66E-05,0.090
6.68E-05,0.104
6.70E-05,0.092
6.72E-05,0.100
6.74E-05,0.096
6.76E-05,0.094
6.78E-05,0.098
6.80E-05,0.096
6.82E-05,0.092
6.84E-05,0.094
6.86E-05,0.094
6.88E-05,0.092
6.90E-05,0.100
6.92E-05,0.092
6.94E-05,0.096
6.96E-05,0.096
6.98E-05,0.092
7.00E-05,0.094
7.02E-05,0.094
7.04E-05,0.092
7.06E-05,0.096
7.08E-05,0.094
7.10E-05,0.092
7.12E-05,0.094
7.14E-05,0.094
7.16E-05,0.090
7.18E-05,0.094
7.20E-05,0.092
7.22E-05,0.094
7.24E-05,0.092
7.26E-05,0.090
7.28E-05,0.088
7.30E-05,0.090
7.32E-05,0.086
7.34E-05,0.090
7.36E-05,0.084
7.38E-05,0.088
7.40E-05,0.086
7.42E-05,0.090
7.44E-05,0.088
7.46E-05,0.086
7.48E-05,0.092
7.50E-05,0.082
7.52E-05,0.088
7.54E-05,0.088
7.56E-05,0.086
7.58E-05,0.090
7.60E-05,0.086
7.62E-05,0.084
7.64E-05,0.088
7.66E-05,0.086
7.68E-05,0.084
7.70E-05,0.086
7.72E-05,0.082
7.74E-05,0.086
7.76E-05,0.084
7.78E-05,0.082
7.80E-05,0.084
7.82E-05,0.082
7.84E-05,0.080
7.86E-05,0.086
7.88E-05,0.080
7.90E-05,0.082
7.92E-05,0.084
7.94E-05,0.082
7.96E-05,0.082
7.98E-05,0.084
8.00E-05,0.078
8.02E-05,0.082
8.04E-05,0.080
8.06E-05,0.078
8.08E-05,0.080
8.10E-05,0.080
8.12E-05,0.078
8.14E-05,0.082
8.16E-05,0.076
8.18E-05,0.076
8.20E-05,0.074
8.22E-05,0.082
8.24E-05,0.068
8.26E-05,0.080
8.28E-05,0.072
8.30E-05,0.074
8.32E-05,0.076
8.34E-05,0.068
8.36E-05,0.078
8.38E-05,0.072
8.40E-05,0.072
8.42E-05,0.074
8.44E-05,0.072
8.46E-05,0.070
8.48E-05,0.074
8.50E-05,0.068
8.52E-05,0.072
8.54E-05,0.070
8.56E-05,0.068
8.58E-05,0.066
8.60E-05,0.070
8.62E-05,0.066
8.64E-05,0.068
8.66E-05,0.064
8.68E-05,0.064
8.70E-05,0.068
8.72E-05,0.068
8.74E-05,0.062
8.76E-05,0.066
8.78E-05,0.062
8.80E-05,0.064
8.82E-05,0.062
8.84E-05,0.064
8.86E-05,0.062
8.88E-05,0.062
8.90E-05,0.058
8.92E-05,0.062
8.94E-05,0.058
8.96E-05,0.060
8.98E-05,0.060
9.00E-05,0.064
9.02E-05,0.058
9.04E-05,0.056
9.06E-05,0.056
9.08E-05,0.054
9.10E-05,0.060
9.12E-05,0.052
9.14E-05,0.056
9.16E-05,0.056
9.18E-05,0.050
9.20E-05,0.054
9.22E-05,0.054
9.24E-05,0.048
9.26E-05,0.054
9.28E-05,0.052
9.30E-05,0.050
9.32E-05,0.052
9.34E-05,0.050
9.36E-05,0.048
9.38E-05,0.050
9.40E-05,0.046
9.42E-05,0.046
9.44E-05,0.048
9.46E-05,0.044
9.48E-05,0.044
9.50E-05,0.044
9.52E-05,0.042
9.54E-05,0.046
9.56E-05,0.046
9.58E-05,0.038
9.60E-05,0.046
9.62E-05,0.038
9.64E-05,0.040
9.66E-05,0.042
9.68E-05,0.040
9.70E-05,0.040
9.72E-05,0.042
9.74E-05,0.038
9.76E-05,0.036
9.78E-05,0.038
9.80E-05,0.040
9.82E-05,0.032
9.84E-05,0.042
9.86E-05,0.032
9.88E-05,0.038
9.90E-05,0.038
9.92E-05,0.028
9.94E-05,0.038
9.96E-05,0.028
9.98E-05,0.030
1.00E-04,0.034
1.00E-04,0.028
1.00E-04,0.028
1.01E-04,0.030
1.01E-04,0.028
1.01E-04,0.030
1.01E-04,0.028
1.01E-04,0.026
1.02E-04,0.026
1.02E-04,0.028
1.02E-04,0.026
1.02E-04,0.024
1.02E-04,0.026
1.03E-04,0.022
1.03E-04,0.026
1.03E-04,0.026
1.03E-04,0.020
1.03E-04,0.028
1.04E-04,0.018
1.04E-04,0.022
1.04E-04,0.022
1.04E-04,0.016
1.04E-04,0.020
1.05E-04,0.020
1.05E-04,0.012
1.05E-04,0.020
1.05E-04,0.014
1.05E-04,0.018
1.06E-04,0.014
1.06E-04,0.018
1.06E-04,0.010
1.06E-04,0.014
1.06E-04,0.012
1.07E-04,0.008
1.07E-04,0.016
1.07E-04,0.010
1.07E-04,0.010
1.07E-04,0.012
1.08E-04,0.006
1.08E-04,0.010
1.08E-04,0.010
1.08E-04,0.006
1.08E-04,0.008
1.09E-04,0.002
1.09E-04,0.004
1.09E-04,0.004
1.09E-04,0.006
1.09E-04,0.002
1.10E-04,0.004
1.10E-04,0.002
1.10E-04,0.002
1.10E-04,0.004
1.10E-04,-0.004
1.11E-04,0.002
1.11E-04,-0.002
1.11E-04,-0.006
1.11E-04,-0.002
1.11E-04,-0.006
1.12E-04,-0.006
1.12E-04,-0.002
1.12E-04,-0.008
1.12E-04,-0.006
1.12E-04,-0.002
1.13E-04,-0.008
1.13E-04,-0.008
1.13E-04,-0.010
1.13E-04,-0.010
1.13E-04,-0.014
1.14E-04,-0.008
1.14E-04,-0.010
1.14E-04,-0.014
1.14E-04,-0.006
1.14E-04,-0.018
1.15E-04,-0.010
1.15E-04,-0.012
1.15E-04,-0.018
1.15E-04,-0.014
1.15E-04,-0.018
1.16E-04,-0.018
1.16E-04,-0.012
1.16E-04,-0.018
1.16E-04,-0.018
1.16E-04,-0.018
1.17E-04,-0.020
1.17E-04,-0.018
1.17E-04,-0.020
1.17E-04,-0.024
1.17E-04,-0.024
1.18E-04,-0.022
1.18E-04,-0.024
1.18E-04,-0.018
1.18E-04,-0.024
1.18E-04,-0.024
1.19E-04,-0.020
1.19E-04,-0.026
1.19E-04,-0.028
1.19E-04,-0.020
1.19E-04,-0.028
1.20E-04,-0.026
1.20E-04,-0.028
1.20E-04,-0.028
1.20E-04,-0.028
1.20E-04,-0.030
1.21E-04,-0.030
1.21E-04,-0.030
1.21E-04,-0.032
1.21E-04,-0.030
1.21E-04,-0.032
1.22E-04,-0.032
1.22E-04,-0.040
1.22E-04,-0.028
1.22E-04,-0.038
1.22E-04,-0.036
1.23E-04,-0.032
1.23E-04,-0.042
1.23E-04,-0.036
1.23E-04,-0.042
1.23E-04,-0.038
1.24E-04,-0.038
1.24E-04,-0.040
1.24E-04,-0.042
1.24E-04,-0.038
1.24E-04,-0.046
1.25E-04,-0.042
1.25E-04,-0.040
1.25E-04,-0.044
1.25E-04,-0.046
1.25E-04,-0.040
1.26E-04,-0.048
1.26E-04,-0.044
1.26E-04,-0.046
1.26E-04,-0.050
1.26E-04,-0.048
1.27E-04,-0.046
1.27E-04,-0.050
1.27E-04,-0.044
1.27E-04,-0.056
1.27E-04,-0.048
1.28E-04,-0.048
1.28E-04,-0.054
1.28E-04,-0.050
1.28E-04,-0.052
1.28E-04,-0.054
1.29E-04,-0.056
1.29E-04,-0.054
1.29E-04,-0.054
1.29E-04,-0.058
1.29E-04,-0.050
1.30E-04,-0.058
1.30E-04,-0.056
1.30E-04,-0.054
1.30E-04,-0.062
1.30E-04,-0.052
1.31E-04,-0.060
1.31E-04,-0.056
1.31E-04,-0.056
1.31E-04,-0.062
1.31E-04,-0.056
1.32E-04,-0.056
1.32E-04,-0.056
1.32E-04,-0.064
1.32E-04,-0.058
1.32E-04,-0.064
1.33E-04,-0.062
1.33E-04,-0.062
1.33E-04,-0.068
1.33E-04,-0.062
1.33E-04,-0.062
1.34E-04,-0.066
1.34E-04,-0.062
1.34E-04,-0.064
1.34E-04,-0.064
1.34E-04,-0.064
1.35E-04,-0.068
1.35E-04,-0.066
1.35E-04,-0.062
1.35E-04,-0.072
1.35E-04,-0.066
1.36E-04,-0.070
1.36E-04,-0.070
1.36E-04,-0.068
1.36E-04,-0.070
1.36E-04,-0.070
1.37E-04,-0.070
1.37E-04,-0.072
1.37E-04,-0.068
1.37E-04,-0.072
1.37E-04,-0.068
1.38E-04,-0.078
1.38E-04,-0.068
1.38E-04,-0.076
1.38E-04,-0.078
1.38E-04,-0.070
1.39E-04,-0.078
1.39E-04,-0.072
1.39E-04,-0.076
1.39E-04,-0.080
1.39E-04,-0.074
1.40E-04,-0.078
1.40E-04,-0.080
1.40E-04,-0.076
1.40E-04,-0.078
1.40E-04,-0.078
1.41E-04,-0.078
1.41E-04,-0.080
1.41E-04,-0.080
1.41E-04,-0.076
1.41E-04,-0.082
1.42E-04,-0.082
1.42E-04,-0.078
1.42E-04,-0.086
1.42E-04,-0.080
1.42E-04,-0.080
1.43E-04,-0.088
1.43E-04,-0.082
1.43E-04,-0.086
1.43E-04,-0.086
1.43E-04,-0.082
1.44E-04,-0.084
1.44E-04,-0.084
1.44E-04,-0.080
1.44E-04,-0.088
1.44E-04,-0.084
1.45E-04,-0.084
1.45E-04,-0.084
1.45E-04,-0.088
1.45E-04,-0.082
1.45E-04,-0.086
1.46E-04,-0.088
1.46E-04,-0.084
1.46E-04,-0.094
1.46E-04,-0.084
1.46E-04,-0.088
1.47E-04,-0.088
1.47E-04,-0.086
1.47E-04,-0.088
1.47E-04,-0.088
1.47E-04,-0.088
1.48E-04,-0.090
1.48E-04,-0.086
1.48E-04,-0.084
1.48E-04,-0.092
1.48E-04,-0.084
1.49E-04,-0.090
1.49E-04,-0.090
1.49E-04,-0.088
1.49E-04,-0.090
1.49E-04,-0.090
1.50E-04,-0.088
1.50E-04,-0.090
1.50E-04,-0.090
1.50E-04,-0.090
1.50E-04,-0.094
1.51E-04,-0.090
1.51E-04,-0.090
1.51E-04,-0.094
1.51E-04,-0.088
1.51E-04,-0.092
1.52E-04,-0.092
1.52E-04,-0.088
1.52E-04,-0.092
1.52E-04,-0.092
1.52E-04,-0.090
1.53E-04,-0.092
1.53E-04,-0.088
1.53E-04,-0.092
1.53E-04,-0.090
1.53E-04,-0.098
1.54E-04,-0.086
1.54E-04,-0.096
1.54E-04,-0.092
1.54E-04,-0.092
1.54E-04,-0.096
1.55E-04,-0.088
1.55E-04,-0.096
1.55E-04,-0.092
1.55E-04,-0.092
1.55E-04,-0.092
1.56E-04,-0.094
1.56E-04,-0.088
1.56E-04,-0.098
1.56E-04,-0.094
1.56E-04,-0.094
1.57E-04,-0.094
1.57E-04,-0.096
1.57E-04,-0.092
1.57E-04,-0.098
1.57E-04,-0.092
1.58E-04,-0.094
1.58E-04,-0.094
1.58E-04,-0.092
1.58E-04,-0.092
1.58E-04,-0.098
1.59E-04,-0.090
1.59E-04,-0.096
1.59E-04,-0.090
1.59E-04,-0.090
1.59E-04,-0.096
1.60E-04,-0.090
1.60E-04,-0.090
1.60E-04,-0.100
1.60E-04,-0.090
1.60E-04,-0.096
1.61E-04,-0.092
1.61E-04,-0.096
1.61E-04,-0.090
1.61E-04,-0.098
1.61E-04,-0.090
1.62E-04,-0.092
1.62E-04,-0.094
1.62E-04,-0.088
1.62E-04,-0.096
1.62E-04,-0.088
1.63E-04,-0.088
1.63E-04,-0.094
1.63E-04,-0.090
1.63E-04,-0.090
1.63E-04,-0.092
1.64E-04,-0.090
1.64E-04,-0.092
1.64E-04,-0.094
1.64E-04,-0.088
1.64E-04,-0.092
1.65E-04,-0.094
1.65E-04,-0.092
1.65E-04,-0.090
1.65E-04,-0.090
1.65E-04,-0.088
1.66E-04,-0.096
1.66E-04,-0.094
1.66E-04,-0.092
1.66E-04,-0.094
1.66E-04,-0.090
1.67E-04,-0.096
1.67E-04,-0.094
1.67E-04,-0.090
1.67E-04,-0.092
1.67E-04,-0.090
1.68E-04,-0.090
1.68E-04,-0.094
1.68E-04,-0.086
1.68E-04,-0.090
1.68E-04,-0.090
1.69E-04,-0.094
1.69E-04,-0.086
1.69E-04,-0.086
1.69E-04,-0.092
1.69E-04,-0.084
1.70E-04,-0.092
1.70E-04,-0.084
1.70E-04,-0.088
1.70E-04,-0.088
1.70E-04,-0.086
1.71E-04,-0.090
1.71E-04,-0.086
1.71E-04,-0.084
1.71E-04,-0.088
1.71E-04,-0.088
1.72E-04,-0.082
1.72E-04,-0.090
1.72E-04,-0.084
1.72E-04,-0.084
1.72E-04,-0.086
1.73E-04,-0.084
1.73E-04,-0.082
1.73E-04,-0.086
1.73E-04,-0.082
1.73E-04,-0.084
1.74E-04,-0.086
1.74E-04,-0.080
1.74E-04,-0.080
1.74E-04,-0.084
1.74E-04,-0.076
1.75E-04,-0.084
1.75E-04,-0.078
1.75E-04,-0.078
1.75E-04,-0.080
1.75E-04,-0.078
1.76E-04,-0.076
1.76E-04,-0.080
1.76E-04,-0.076
1.76E-04,-0.076
1.76E-04,-0.078
1.77E-04,-0.080
1.77E-04,-0.074
1.77E-04,-0.084
1.77E-04,-0.078
1.77E-04,-0.074
1.78E-04,-0.080
1.78E-04,-0.072
1.78E-04,-0.076
1.78E-04,-0.074
1.78E-04,-0.072
1.79E-04,-0.074
1.79E-04,-0.072
1.79E-04,-0.072
1.79E-04,-0.076
1.79E-04,-0.070
1.80E-04,-0.070
1.80E-04,-0.074
1.80E-04,-0.070
1.80E-04,-0.072
1.80E-04,-0.074
1.81E-04,-0.068
1.81E-04,-0.068
1.81E-04,-0.072
1.81E-04,-0.068
1.81E-04,-0.068
1.82E-04,-0.068
1.82E-04,-0.066
1.82E-04,-0.074
1.82E-04,-0.066
1.82E-04,-0.066
1.83E-04,-0.068
1.83E-04,-0.064
1.83E-04,-0.068
1.83E-04,-0.068
1.83E-04,-0.064
1.84E-04,-0.068
1.84E-04,-0.062
1.84E-04,-0.062
1.84E-04,-0.064
1.84E-04,-0.062
1.85E-04,-0.062
1.85E-04,-0.060
1.85E-04,-0.068
1.85E-04,-0.054
1.85E-04,-0.062
1.86E-04,-0.060
1.86E-04,-0.056
1.86E-04,-0.058
1.86E-04,-0.054
1.86E-04,-0.058
1.87E-04,-0.056
1.87E-04,-0.056
1.87E-04,-0.056
1.87E-04,-0.056
1.87E-04,-0.050
1.88E-04,-0.060
1.88E-04,-0.050
1.88E-04,-0.054
1.88E-04,-0.054
1.88E-04,-0.054
1.89E-04,-0.048
1.89E-04,-0.054
1.89E-04,-0.050
1.89E-04,-0.050
1.89E-04,-0.052
1.90E-04,-0.050
1.90E-04,-0.050
1.90E-04,-0.048
1.90E-04,-0.042
1.90E-04,-0.050
1.91E-04,-0.038
1.91E-04,-0.046
1.91E-04,-0.044
1.91E-04,-0.046
1.91E-04,-0.044
1.92E-04,-0.046
1.92E-04,-0.044
1.92E-04,-0.044
1.92E-04,-0.042
1.92E-04,-0.046
1.93E-04,-0.036
1.93E-04,-0.044
1.93E-04,-0.040
1.93E-04,-0.038
1.93E-04,-0.046
1.94E-04,-0.036
1.94E-04,-0.040
1.94E-04,-0.036
1.94E-04,-0.034
1.94E-04,-0.040
1.95E-04,-0.038
1.95E-04,-0.036
1.95E-04,-0.038
1.95E-04,-0.032
1.95E-04,-0.032
1.96E-04,-0.036
1.96E-04,-0.032
1.96E-04,-0.030
1.96E-04,-0.032
1.96E-04,-0.028
1.97E-04,-0.028
1.97E-04,-0.030
1.97E-04,-0.028
1.97E-04,-0.030
1.97E-04,-0.030
1.98E-04,-0.026
1.98E-04,-0.032
1.98E-04,-0.024
1.98E-04,-0.028
1.98E-04,-0.026
1.99E-04,-0.022
1.99E-04,-0.026
1.99E-04,-0.024
1.99E-04,-0.024
1.99E-04,-0.024
2.00E-04,-0.022
2.00E-04,-0.018
2.00E-04,-0.020
2.00E-04,-0.020
2.00E-04,-0.020
2.01E-04,-0.014
2.01E-04,-0.022
2.01E-04,-0.010
2.01E-04,-0.024
2.01E-04,-0.014
2.02E-04,-0.016
2.02E-04,-0.016
2.02E-04,-0.012
2.02E-04,-0.012
2.02E-04,-0.012
2.03E-04,-0.008
2.03E-04,-0.014
2.03E-04,-0.012
2.03E-04,-0.006
2.03E-04,-0.014
2.04E-04,-0.008
2.04E-04,-0.010
2.04E-04,-0.008
2.04E-04,-0.008
2.04E-04,-0.004
2.05E-04,-0.004
2.05E-04,-0.002
2.05E-04,-0.002
2.05E-04,-0.004
2.05E-04,0.000
2.06E-04,-0.002
2.06E-04,-0.006
2.06E-04,0.002
2.06E-04,-0.006
2.06E-04,-0.002
2.07E-04,0.000
2.07E-04,-0.002
2.07E-04,-0.002
2.07E-04,0.004
2.07E-04,-0.002
2.08E-04,0.004
2.08E-04,0.002
2.08E-04,0.004
2.08E-04,0.004
2.08E-04,0.004
2.09E-04,0.002
2.09E-04,0.004
2.09E-04,0.008
2.09E-04,0.000
2.09E-04,0.010
2.10E-04,0.010
2.10E-04,0.008
2.10E-04,0.010
2.10E-04,0.010
2.10E-04,0.012
2.11E-04,0.016
2.11E-04,0.012
2.11E-04,0.016
2.11E-04,0.014
2.11E-04,0.012
2.12E-04,0.014
2.12E-04,0.020
2.12E-04,0.012
2.12E-04,0.022
2.12E-04,0.020
2.13E-04,0.018
2.13E-04,0.022
2.13E-04,0.018
2.13E-04,0.022
2.13E-04,0.024
2.14E-04,0.020
2.14E-04,0.024
2.14E-04,0.020
2.14E-04,0.020
2.14E-04,0.026
2.15E-04,0.024
2.15E-04,0.026
2.15E-04,0.028
2.15E-04,0.026
2.15E-04,0.026
2.16E-04,0.028
2.16E-04,0.030
2.16E-04,0.028
2.16E-04,0.028
2.16E-04,0.038
2.17E-04,0.022
2.17E-04,0.036
2.17E-04,0.030
2.17E-04,0.036
2.17E-04,0.034
2.18E-04,0.034
2.18E-04,0.036
2.18E-04,0.034
2.18E-04,0.038
2.18E-04,0.036
2.19E-04,0.036
2.19E-04,0.036
2.19E-04,0.038
2.19E-04,0.036
2.19E-04,0.042
2.20E-04,0.038
2.20E-04,0.038
2.20E-04,0.038
2.20E-04,0.044
2.20E-04,0.042
2.21E-04,0.044
2.21E-04,0.042
2.21E-04,0.042
2.21E-04,0.046
2.21E-04,0.044
2.22E-04,0.044
2.22E-04,0.052
2.22E-04,0.042
2.22E-04,0.048
2.22E-04,0.050
2.23E-04,0.044
2.23E-04,0.048
2.23E-04,0.050
2.23E-04,0.048
2.23E-04,0.054
2.24E-04,0.046
2.24E-04,0.052
2.24E-04,0.050
2.24E-04,0.058
2.24E-04,0.048
2.25E-04,0.056
2.25E-04,0.058
2.25E-04,0.048
2.25E-04,0.060
2.25E-04,0.056
2.26E-04,0.054
2.26E-04,0.056
2.26E-04,0.056
2.26E-04,0.056
2.26E-04,0.058
2.27E-04,0.058
2.27E-04,0.060
2.27E-04,0.056
2.27E-04,0.058
2.27E-04,0.062
2.28E-04,0.060
2.28E-04,0.064
2.28E-04,0.064
2.28E-04,0.062
2.28E-04,0.064
2.29E-04,0.066
2.29E-04,0.062
2.29E-04,0.068
2.29E-04,0.064
2.29E-04,0.066
2.30E-04,0.068
2.30E-04,0.070
2.30E-04,0.066
2.30E-04,0.072
2.30E-04,0.068
2.31E-04,0.068
2.31E-04,0.070
2.31E-04,0.070
2.31E-04,0.070
2.31E-04,0.072
2.32E-04,0.068
2.32E-04,0.072
2.32E-04,0.070
2.32E-04,0.074
2.32E-04,0.068
2.33E-04,0.078
2.33E-04,0.072
2.33E-04,0.072
2.33E-04,0.076
2.33E-04,0.068
2.34E-04,0.078
2.34E-04,0.072
2.34E-04,0.072
2.34E-04,0.076
2.34E-04,0.074
2.35E-04,0.072
2.35E-04,0.080
2.35E-04,0.074
2.35E-04,0.078
2.35E-04,0.078
2.36E-04,0.078
2.36E-04,0.074
2.36E-04,0.082
2.36E-04,0.076
2.36E-04,0.082
2.37E-04,0.082
2.37E-04,0.078
2.37E-04,0.082
2.37E-04,0.084
2.37E-04,0.078
2.38E-04,0.084
2.38E-04,0.078
2.38E-04,0.082
2.38E-04,0.084
2.38E-04,0.084
2.39E-04,0.082
2.39E-04,0.086
2.39E-04,0.082
2.39E-04,0.084
2.39E-04,0.082
2.40E-04,0.086
2.40E-04,0.080
2.40E-04,0.090
2.40E-04,0.082
2.40E-04,0.084
2.41E-04,0.090
2.41E-04,0.082
2.41E-04,0.090
2.41E-04,0.084
2.41E-04,0.088
2.42E-04,0.090
2.42E-04,0.088
2.42E-04,0.090
2.42E-04,0.090
2.42E-04,0.088
2.43E-04,0.092
2.43E-04,0.090
2.43E-04,0.088
2.43E-04,0.092
2.43E-04,0.092
2.44E-04,0.092
2.44E-04,0.094
2.44E-04,0.090
2.44E-04,0.090
2.44E-04,0.094
2.45E-04,0.092
2.45E-04,0.096
2.45E-04,0.092
2.45E-04,0.090
2.45E-04,0.094
2.46E-04,0.096
2.46E-04,0.090
2.46E-04,0.098
2.46E-04,0.094
2.46E-04,0.092
2.47E-04,0.096
2.47E-04,0.094
2.47E-04,0.092
2.47E-04,0.098
2.47E-04,0.094
2.48E-04,0.100
2.48E-04,0.094
2.48E-04,0.100
2.48E-04,0.092
2.48E-04,0.100
2.49E-04,0.092
2.49E-04,0.094
2.49E-04,0.098
2.49E-04,0.092
2.49E-04,0.100
2.50E-04,0.094
2.50E-04,0.092
2.50E-04,0.098
2.50E-04,0.098
2.50E-04,0.096
2.51E-04,0.102
2.51E-04,0.096
2.51E-04,0.096
2.51E-04,0.098
2.51E-04,0.100
2.52E-04,0.100
2.52E-04,0.102
2.52E-04,0.100
2.52E-04,0.100
2.52E-04,0.098
2.53E-04,0.098
2.53E-04,0.100
2.53E-04,0.096
2.53E-04,0.096
2.53E-04,0.102
2.54E-04,0.092
2.54E-04,0.098
2.54E-04,0.098
2.54E-04,0.096
2.54E-04,0.098
2.55E-04,0.098
2.55E-04,0.096
2.55E-04,0.100
2.55E-04,0.096
2.55E-04,0.098
2.56E-04,0.094
2.56E-04,0.098
2.56E-04,0.098
2.56E-04,0.096
2.56E-04,0.102
2.57E-04,0.094
2.57E-04,0.100
2.57E-04,0.100
2.57E-04,0.098
2.57E-04,0.100
2.58E-04,0.098
2.58E-04,0.100
2.58E-04,0.100
2.58E-04,0.096
2.58E-04,0.098
2.59E-04,0.098
2.59E-04,0.096
2.59E-04,0.098
2.59E-04,0.096
2.59E-04,0.098
2.60E-04,0.096
2.60E-04,0.098
2.60E-04,0.092
2.60E-04,0.102
2.60E-04,0.096
2.61E-04,0.096
2.61E-04,0.100
2.61E-04,0.098
2.61E-04,0.100
2.61E-04,0.102
2.62E-04,0.096
2.62E-04,0.100
2.62E-04,0.098
2.62E-04,0.098
2.62E-04,0.098
2.63E-04,0.096
2.63E-04,0.094
2.63E-04,0.098
2.63E-04,0.096
2.63E-04,0.100
2.64E-04,0.092
2.64E-04,0.100
2.64E-04,0.090
2.64E-04,0.098
2.64E-04,0.096
2.65E-04,0.092
2.65E-04,0.098
2.65E-04,0.092
2.65E-04,0.096
2.65E-04,0.096
2.66E-04,0.094
2.66E-04,0.092
2.66E-04,0.092
2.66E-04,0.090
2.66E-04,0.092
2.67E-04,0.090
2.67E-04,0.092
2.67E-04,0.094
2.67E-04,0.094
2.67E-04,0.092
2.68E-04,0.092
2.68E-04,0.090
2.68E-04,0.090
2.68E-04,0.092
2.68E-04,0.088
2.69E-04,0.090
2.69E-04,0.090
2.69E-04,0.084
2.69E-04,0.090
2.69E-04,0.086
2.70E-04,0.084
2.70E-04,0.088
2.70E-04,0.082
2.70E-04,0.086
2.70E-04,0.086
2.71E-04,0.084
2.71E-04,0.086
2.71E-04,0.084
2.71E-04,0.084
2.71E-04,0.082
2.72E-04,0.086
2.72E-04,0.084
2.72E-04,0.080
2.72E-04,0.088
2.72E-04,0.078
2.73E-04,0.088
2.73E-04,0.084
2.73E-04,0.080
2.73E-04,0.084
2.73E-04,0.082
2.74E-04,0.084
2.74E-04,0.084
2.74E-04,0.082
2.74E-04,0.080
2.74E-04,0.086
2.75E-04,0.078
2.75E-04,0.080
2.75E-04,0.078
2.75E-04,0.080
2.75E-04,0.076
2.76E-04,0.080
2.76E-04,0.078
2.76E-04,0.076
2.76E-04,0.074
2.76E-04,0.076
2.77E-04,0.078
2.77E-04,0.076
2.77E-04,0.072
2.77E-04,0.082
2.77E-04,0.072
2.78E-04,0.080
2.78E-04,0.074
2.78E-04,0.074
2.78E-04,0.072
2.78E-04,0.076
2.79E-04,0.070
2.79E-04,0.078
2.79E-04,0.070
2.79E-04,0.072
2.79E-04,0.066
2.80E-04,0.074
2.80E-04,0.066
2.80E-04,0.070
2.80E-04,0.072
2.80E-04,0.066
2.81E-04,0.076
2.81E-04,0.064
2.81E-04,0.066
2.81E-04,0.070
2.81E-04,0.066
2.82E-04,0.066
2.82E-04,0.066
2.82E-04,0.064
2.82E-04,0.066
2.82E-04,0.064
2.83E-04,0.064
2.83E-04,0.064
2.83E-04,0.064
2.83E-04,0.062
2.83E-04,0.062
2.84E-04,0.064
2.84E-04,0.058
2.84E-04,0.064
2.84E-04,0.060
2.84E-04,0.062
2.85E-04,0.062
2.85E-04,0.058
2.85E-04,0.060
2.85E-04,0.056
2.85E-04,0.054
2.86E-04,0.058
2.86E-04,0.054
2.86E-04,0.056
2.86E-04,0.058
2.86E-04,0.056
2.87E-04,0.054
2.87E-04,0.056
2.87E-04,0.054
2.87E-04,0.054
2.87E-04,0.050
2.88E-04,0.058
2.88E-04,0.044
2.88E-04,0.054
2.88E-04,0.046
2.88E-04,0.048
2.89E-04,0.050
2.89E-04,0.042
2.89E-04,0.052
2.89E-04,0.046
2.89E-04,0.044
2.90E-04,0.044
2.90E-04,0.046
2.90E-04,0.038
2.90E-04,0.044
2.90E-04,0.042
2.91E-04,0.044
2.91E-04,0.042
2.91E-04,0.040
2.91E-04,0.038
2.91E-04,0.042
2.92E-04,0.038
2.92E-04,0.040
2.92E-04,0.036
2.92E-04,0.036
2.92E-04,0.038
2.93E-04,0.036
2.93E-04,0.030
2.93E-04,0.040
2.93E-04,0.030
2.93E-04,0.036
2.94E-04,0.036
2.94E-04,0.030
2.94E-04,0.034
2.94E-04,0.034
2.94E-04,0.028
2.95E-04,0.032
2.95E-04,0.030
2.95E-04,0.032
2.95E-04,0.022
2.95E-04,0.030
2.96E-04,0.028
2.96E-04,0.026
2.96E-04,0.030
2.96E-04,0.020
2.96E-04,0.032
2.97E-04,0.024
2.97E-04,0.024
2.97E-04,0.026
2.97E-04,0.024
2.97E-04,0.024
2.98E-04,0.024
2.98E-04,0.022
2.98E-04,0.020
2.98E-04,0.022
2.98E-04,0.018
2.99E-04,0.022
2.99E-04,0.018
2.99E-04,0.020
2.99E-04,0.018
2.99E-04,0.018
3.00E-04,0.016
3.00E-04,0.016
3.00E-04,0.014
3.00E-04,0.014
3.00E-04,0.018
3.01E-04,0.020
3.01E-04,0.012
3.01E-04,0.018
3.01E-04,0.008
3.01E-04,0.016
3.02E-04,0.014
3.02E-04,0.010
3.02E-04,0.012
3.02E-04,0.012
3.02E-04,0.004
3.03E-04,0.010
3.03E-04,0.008
3.03E-04,0.006
3.03E-04,0.004
3.03E-04,0.010
3.04E-04,0.000
3.04E-04,0.006
3.04E-04,0.002
3.04E-04,0.000
3.04E-04,0.010
3.05E-04,0.000
3.05E-04,0.000
3.05E-04,0.002
3.05E-04,-0.004
3.05E-04,-0.002
3.06E-04,0.000
3.06E-04,-0.006
3.06E-04,0.000
3.06E-04,-0.002
3.06E-04,-0.008
3.07E-04,-0.002
3.07E-04,-0.004
3.07E-04,-0.008
3.07E-04,-0.002
3.07E-04,-0.008
3.08E-04,-0.010
3.08E-04,-0.008
3.08E-04,-0.010
3.08E-04,-0.012
3.08E-04,-0.008
3.09E-04,-0.014
3.09E-04,-0.008
3.09E-04,-0.012
3.09E-04,-0.016
3.09E-04,-0.012
3.10E-04,-0.018
3.10E-04,-0.016
3.10E-04,-0.014
3.10E-04,-0.020
3.10E-04,-0.014
3.11E-04,-0.018
3.11E-04,-0.016
3.11E-04,-0.020
3.11E-04,-0.020
3.11E-04,-0.016
3.12E-04,-0.026
3.12E-04,-0.016
3.12E-04,-0.026
3.12E-04,-0.018
3.12E-04,-0.022
3.13E-04,-0.024
3.13E-04,-0.020
3.13E-04,-0.024
3.13E-04,-0.026
3.13E-04,-0.022
3.14E-04,-0.026
3.14E-04,-0.026
3.14E-04,-0.026
3.14E-04,-0.030
3.14E-04,-0.030
3.15E-04,-0.034
3.15E-04,-0.032
3.15E-04,-0.032
3.15E-04,-0.032
3.15E-04,-0.032
3.16E-04,-0.030
3.16E-04,-0.036
3.16E-04,-0.030
3.16E-04,-0.034
3.16E-04,-0.030
3.17E-04,-0.032
3.17E-04,-0.030
3.17E-04,-0.036
3.17E-04,-0.032
3.17E-04,-0.038
3.18E-04,-0.040
3.18E-04,-0.038
3.18E-04,-0.038
3.18E-04,-0.038
3.18E-04,-0.036
3.19E-04,-0.040
3.19E-04,-0.040
3.19E-04,-0.042
3.19E-04,-0.038
3.19E-04,-0.046
3.20E-04,-0.036
3.20E-04,-0.042
3.20E-04,-0.048
3.20E-04,-0.040
3.20E-04,-0.052
3.21E-04,-0.044
3.21E-04,-0.046
3.21E-04,-0.050
3.21E-04,-0.044
3.21E-04,-0.046
3.22E-04,-0.052
3.22E-04,-0.044
3.22E-04,-0.052
3.22E-04,-0.050
3.22E-04,-0.048
3.23E-04,-0.052
3.23E-04,-0.052
3.23E-04,-0.052
3.23E-04,-0.052
3.23E-04,-0.054
3.24E-04,-0.052
3.24E-04,-0.054
3.24E-04,-0.054
3.24E-04,-0.054
3.24E-04,-0.056
3.25E-04,-0.056
3.25E-04,-0.054
3.25E-04,-0.058
3.25E-04,-0.054
3.25E-04,-0.056
3.26E-04,-0.062
3.26E-04,-0.056
3.26E-04,-0.060
3.26E-04,-0.062
3.26E-04,-0.058
3.27E-04,-0.062
3.27E-04,-0.056
3.27E-04,-0.064
3.27E-04,-0.060
3.27E-04,-0.064
3.28E-04,-0.056
3.28E-04,-0.064
3.28E-04,-0.064
3.28E-04,-0.060
3.28E-04,-0.068
3.29E-04,-0.064
3.29E-04,-0.066
3.29E-04,-0.068
3.29E-04,-0.064
3.29E-04,-0.066
3.30E-04,-0.070
3.30E-04,-0.068
3.30E-04,-0.070
3.30E-04,-0.068
3.30E-04,-0.066
3.31E-04,-0.072
3.31E-04,-0.072
3.31E-04,-0.066
3.31E-04,-0.074
3.31E-04,-0.070
3.32E-04,-0.072
3.32E-04,-0.072
3.32E-04,-0.070
3.32E-04,-0.072
3.32E-04,-0.074
3.33E-04,-0.070
3.33E-04,-0.076
3.33E-04,-0.072
3.33E-04,-0.074
3.33E-04,-0.078
3.34E-04,-0.076
3.34E-04,-0.074
3.34E-04,-0.078
3.34E-04,-0.076
3.34E-04,-0.080
3.35E-04,-0.076
3.35E-04,-0.080
3.35E-04,-0.076
3.35E-04,-0.080
3.35E-04,-0.080
3.36E-04,-0.076
3.36E-04,-0.086
3.36E-04,-0.076
3.36E-04,-0.084
3.36E-04,-0.080
3.37E-04,-0.080
3.37E-04,-0.080
3.37E-04,-0.080
3.37E-04,-0.082
3.37E-04,-0.086
3.38E-04,-0.080
3.38E-04,-0.084
3.38E-04,-0.084
3.38E-04,-0.080
3.38E-04,-0.080
3.39E-04,-0.086
3.39E-04,-0.084
3.39E-04,-0.084
3.39E-04,-0.088
3.39E-04,-0.082
3.40E-04,-0.086
3.40E-04,-0.086
3.40E-04,-0.084
3.40E-04,-0.088
3.40E-04,-0.086
3.41E-04,-0.084
3.41E-04,-0.090
3.41E-04,-0.084
3.41E-04,-0.088
3.41E-04,-0.086
3.42E-04,-0.086
3.42E-04,-0.090
3.42E-04,-0.088
3.42E-04,-0.086
3.42E-04,-0.088
3.43E-04,-0.086
3.43E-04,-0.090
3.43E-04,-0.080
3.43E-04,-0.094
3.43E-04,-0.084
3.44E-04,-0.092
3.44E-04,-0.092
3.44E-04,-0.084
3.44E-04,-0.092
3.44E-04,-0.088
3.45E-04,-0.090
3.45E-04,-0.092
3.45E-04,-0.092
3.45E-04,-0.092
3.45E-04,-0.096
3.46E-04,-0.086
3.46E-04,-0.092
3.46E-04,-0.092
3.46E-04,-0.088
3.46E-04,-0.092
3.47E-04,-0.094
3.47E-04,-0.090
3.47E-04,-0.094
3.47E-04,-0.090
3.47E-04,-0.090
3.48E-04,-0.096
3.48E-04,-0.094
3.48E-04,-0.090
3.48E-04,-0.100
3.48E-04,-0.090
3.49E-04,-0.096
3.49E-04,-0.096
3.49E-04,-0.092
3.49E-04,-0.096
3.49E-04,-0.096
3.50E-04,-0.092
3.50E-04,-0.094
3.50E-04,-0.090
3.50E-04,-0.094
3.50E-04,-0.092
3.51E-04,-0.092
3.51E-04,-0.094
3.51E-04,-0.090
3.51E-04,-0.098
3.51E-04,-0.088
3.52E-04,-0.098
3.52E-04,-0.092
3.52E-04,-0.094
3.52E-04,-0.098
3.52E-04,-0.090
3.53E-04,-0.096
3.53E-04,-0.094
3.53E-04,-0.094
3.53E-04,-0.096
3.53E-04,-0.096
3.54E-04,-0.092
3.54E-04,-0.100
3.54E-04,-0.090
3.54E-04,-0.094
3.54E-04,-0.090
3.55E-04,-0.094
3.55E-04,-0.094
3.55E-04,-0.094
3.55E-04,-0.092
3.55E-04,-0.092
3.56E-04,-0.098
3.56E-04,-0.092
3.56E-04,-0.094
3.56E-04,-0.096
3.56E-04,-0.090
3.57E-04,-0.098
3.57E-04,-0.090
3.57E-04,-0.092
3.57E-04,-0.092
3.57E-04,-0.092
3.58E-04,-0.090
3.58E-04,-0.094
3.58E-04,-0.092
3.58E-04,-0.096
3.58E-04,-0.094
3.59E-04,-0.096
3.59E-04,-0.090
3.59E-04,-0.090
3.59E-04,-0.094
3.59E-04,-0.086
3.60E-04,-0.096
3.60E-04,-0.084
3.60E-04,-0.096
3.60E-04,-0.090
3.60E-04,-0.090
3.61E-04,-0.092
3.61E-04,-0.090
3.61E-04,-0.088
3.61E-04,-0.092
3.61E-04,-0.090
3.62E-04,-0.090
3.62E-04,-0.092
3.62E-04,-0.088
3.62E-04,-0.090
3.62E-04,-0.090
3.63E-04,-0.088
3.63E-04,-0.090
3.63E-04,-0.090
3.63E-04,-0.086
3.63E-04,-0.090
3.64E-04,-0.086
3.64E-04,-0.086
3.64E-04,-0.088
3.64E-04,-0.086
3.64E-04,-0.086
3.65E-04,-0.090
3.65E-04,-0.082
3.65E-04,-0.086
3.65E-04,-0.088
3.65E-04,-0.084
3.66E-04,-0.086
3.66E-04,-0.084
3.66E-04,-0.080
3.66E-04,-0.086
3.66E-04,-0.082
3.67E-04,-0.086
3.67E-04,-0.080
3.67E-04,-0.090
3.67E-04,-0.078
3.67E-04,-0.088
3.68E-04,-0.082
3.68E-04,-0.082
3.68E-04,-0.084
3.68E-04,-0.076
3.68E-04,-0.086
3.69E-04,-0.080
3.69E-04,-0.082
3.69E-04,-0.082
3.69E-04,-0.086
3.69E-04,-0.080
3.70E-04,-0.084
3.70E-04,-0.080
3.70E-04,-0.078
3.70E-04,-0.082
3.70E-04,-0.080
3.71E-04,-0.080
3.71E-04,-0.080
3.71E-04,-0.078
3.71E-04,-0.078
3.71E-04,-0.078
3.72E-04,-0.076
3.72E-04,-0.074
3.72E-04,-0.082
3.72E-04,-0.072
3.72E-04,-0.082
3.73E-04,-0.078
3.73E-04,-0.072
3.73E-04,-0.074
3.73E-04,-0.076
3.73E-04,-0.072
3.74E-04,-0.076
3.74E-04,-0.072
3.74E-04,-0.076
3.74E-04,-0.074
3.74E-04,-0.078
3.75E-04,-0.074
3.75E-04,-0.072
3.75E-04,-0.072
3.75E-04,-0.066
3.75E-04,-0.074
3.76E-04,-0.064
3.76E-04,-0.072
3.76E-04,-0.072
3.76E-04,-0.068
3.76E-04,-0.072
3.77E-04,-0.068
3.77E-04,-0.068
3.77E-04,-0.070
3.77E-04,-0.064
3.77E-04,-0.062
3.78E-04,-0.068
3.78E-04,-0.062
3.78E-04,-0.066
3.78E-04,-0.066
3.78E-04,-0.064
3.79E-04,-0.062
3.79E-04,-0.064
3.79E-04,-0.060
3.79E-04,-0.062
3.79E-04,-0.062
3.80E-04,-0.054
3.80E-04,-0.064
3.80E-04,-0.062
3.80E-04,-0.056
3.80E-04,-0.064
3.81E-04,-0.056
3.81E-04,-0.058
3.81E-04,-0.060
3.81E-04,-0.056
3.81E-04,-0.054
3.82E-04,-0.058
3.82E-04,-0.050
3.82E-04,-0.058
3.82E-04,-0.052
3.82E-04,-0.058
3.83E-04,-0.048
3.83E-04,-0.056
3.83E-04,-0.050
3.83E-04,-0.050
3.83E-04,-0.054
3.84E-04,-0.046
3.84E-04,-0.056
3.84E-04,-0.048
3.84E-04,-0.048
3.84E-04,-0.050
3.85E-04,-0.046
3.85E-04,-0.046
3.85E-04,-0.048
3.85E-04,-0.042
3.85E-04,-0.048
3.86E-04,-0.048
3.86E-04,-0.044
3.86E-04,-0.044
3.86E-04,-0.042
3.86E-04,-0.044
3.87E-04,-0.044
3.87E-04,-0.044
3.87E-04,-0.040
3.87E-04,-0.044
3.87E-04,-0.042
3.88E-04,-0.038
3.88E-04,-0.044
3.88E-04,-0.038
3.88E-04,-0.040
3.88E-04,-0.042
3.89E-04,-0.036
3.89E-04,-0.038
3.89E-04,-0.036
3.89E-04,-0.036
3.89E-04,-0.038
3.90E-04,-0.036
3.90E-04,-0.034
3.90E-04,-0.034
3.90E-04,-0.032
3.90E-04,-0.032
3.91E-04,-0.026
3.91E-04,-0.036
3.91E-04,-0.026
3.91E-04,-0.034
3.91E-04,-0.028
3.92E-04,-0.030
3.92E-04,-0.032
3.92E-04,-0.024
3.92E-04,-0.030
3.92E-04,-0.026
3.93E-04,-0.024
3.93E-04,-0.028
3.93E-04,-0.028
3.93E-04,-0.024
3.93E-04,-0.026
3.94E-04,-0.022
3.94E-04,-0.020
3.94E-04,-0.022
3.94E-04,-0.022
3.94E-04,-0.016
3.95E-04,-0.024
3.95E-04,-0.018
3.95E-04,-0.020
3.95E-04,-0.016
3.95E-04,-0.014
3.96E-04,-0.014
3.96E-04,-0.016
3.96E-04,-0.012
3.96E-04,-0.018
3.96E-04,-0.010
3.97E-04,-0.012
3.97E-04,-0.016
3.97E-04,-0.010
3.97E-04,-0.010
3.97E-04,-0.012
3.98E-04,-0.008
3.98E-04,-0.012
3.98E-04,-0.010
3.98E-04,-0.012
3.98E-04,-0.006
3.99E-04,-0.010
3.99E-04,-0.008
3.99E-04,-0.002
3.99E-04,-0.012
3.99E-04,0.000
4.00E-04,-0.006
4.00E-04,-0.002
4.00E-04,0.000
4.00E-04,-0.004
4.00E-04,0.000
4.01E-04,0.000
4.01E-04,0.000
4.01E-04,0.000
4.01E-04,0.000
4.01E-04,0.000
4.02E-04,0.002
4.02E-04,0.002
4.02E-04,0.002
4.02E-04,0.004
4.02E-04,0.006
4.03E-04,0.000
4.03E-04,0.006
4.03E-04,0.004
4.03E-04,0.006
4.03E-04,0.010
4.04E-04,0.004
4.04E-04,0.010
4.04E-04,0.010
4.04E-04,0.006
4.04E-04,0.012
4.05E-04,0.008
4.05E-04,0.012
4.05E-04,0.012
4.05E-04,0.012
4.05E-04,0.010
4.06E-04,0.018
4.06E-04,0.012
4.06E-04,0.020
4.06E-04,0.016
4.06E-04,0.022
4.07E-04,0.010
4.07E-04,0.020
4.07E-04,0.018
4.07E-04,0.018
4.07E-04,0.022
4.08E-04,0.016
4.08E-04,0.022
4.08E-04,0.016
4.08E-04,0.020
4.08E-04,0.022
4.09E-04,0.024
4.09E-04,0.020
4.09E-04,0.026
4.09E-04,0.022
4.09E-04,0.024
4.10E-04,0.028
4.10E-04,0.026
4.10E-04,0.026
4.10E-04,0.030
4.10E-04,0.026
4.11E-04,0.028
4.11E-04,0.030
4.11E-04,0.028
4.11E-04,0.028
4.11E-04,0.032
4.12E-04,0.028
4.12E-04,0.034
4.12E-04,0.030
4.12E-04,0.030
4.12E-04,0.034
4.13E-04,0.032
4.13E-04,0.032
4.13E-04,0.036
4.13E-04,0.032
4.13E-04,0.038
4.14E-04,0.036
4.14E-04,0.036
4.14E-04,0.036
4.14E-04,0.036
4.14E-04,0.038
4.15E-04,0.036
4.15E-04,0.044
4.15E-04,0.034
4.15E-04,0.046
4.15E-04,0.042
4.16E-04,0.038
4.16E-04,0.046
4.16E-04,0.044
4.16E-04,0.046
4.16E-04,0.048
4.17E-04,0.044
4.17E-04,0.046
4.17E-04,0.048
4.17E-04,0.046
4.17E-04,0.048
4.18E-04,0.050
4.18E-04,0.046
4.18E-04,0.048
4.18E-04,0.054
4.18E-04,0.046
4.19E-04,0.054
4.19E-04,0.054
4.19E-04,0.050
4.19E-04,0.058
4.19E-04,0.056
4.20E-04,0.056
4.20E-04,0.062
4.20E-04,0.054
4.20E-04,0.060
4.20E-04,0.060
4.21E-04,0.058
4.21E-04,0.056
4.21E-04,0.058
4.21E-04,0.054
4.21E-04,0.064
4.22E-04,0.056
4.22E-04,0.064
4.22E-04,0.054
4.22E-04,0.066
4.22E-04,0.060
4.23E-04,0.062
4.23E-04,0.064
4.23E-04,0.056
4.23E-04,0.066
4.23E-04,0.058
4.24E-04,0.062
4.24E-04,0.062
4.24E-04,0.062
4.24E-04,0.064
4.24E-04,0.068
4.25E-04,0.066
4.25E-04,0.070
4.25E-04,0.066
4.25E-04,0.066
4.25E-04,0.068
4.26E-04,0.064
4.26E-04,0.066
4.26E-04,0.070
4.26E-04,0.064
4.26E-04,0.072
4.27E-04,0.064
4.27E-04,0.072
4.27E-04,0.072
4.27E-04,0.068
4.27E-04,0.072
4.28E-04,0.070
4.28E-04,0.074
4.28E-04,0.074
4.28E-04,0.072
4.28E-04,0.076
4.29E-04,0.078
4.29E-04,0.074
4.29E-04,0.078
4.29E-04,0.074
4.29E-04,0.078
4.30E-04,0.076
4.30E-04,0.076
4.30E-04,0.074
4.30E-04,0.078
4.30E-04,0.078
4.31E-04,0.078
4.31E-04,0.082
4.31E-04,0.078
4.31E-04,0.082
4.31E-04,0.080
4.32E-04,0.080
4.32E-04,0.080
4.32E-04,0.084
4.32E-04,0.082
4.32E-04,0.082
4.33E-04,0.086
4.33E-04,0.080
4.33E-04,0.084
4.33E-04,0.086
4.33E-04,0.078
4.34E-04,0.090
4.34E-04,0.080
4.34E-04,0.084
4.34E-04,0.088
4.34E-04,0.082
4.35E-04,0.086
4.35E-04,0.084
4.35E-04,0.084
4.35E-04,0.088
4.35E-04,0.084
4.36E-04,0.086
4.36E-04,0.086
4.36E-04,0.084
4.36E-04,0.090
4.36E-04,0.088
4.37E-04,0.088
4.37E-04,0.090
4.37E-04,0.088
4.37E-04,0.088
4.37E-04,0.092
4.38E-04,0.086
4.38E-04,0.096
4.38E-04,0.084
4.38E-04,0.094
4.38E-04,0.088
4.39E-04,0.092
4.39E-04,0.094
4.39E-04,0.088
4.39E-04,0.092
4.39E-04,0.092
4.40E-04,0.090
4.40E-04,0.098
4.40E-04,0.090
4.40E-04,0.092
4.40E-04,0.094
4.41E-04,0.088
4.41E-04,0.096
4.41E-04,0.092
4.41E-04,0.094
4.41E-04,0.094
4.42E-04,0.094
4.42E-04,0.098
4.42E-04,0.094
4.42E-04,0.096
4.42E-04,0.094
4.43E-04,0.092
4.43E-04,0.092
4.43E-04,0.090
4.43E-04,0.094
4.43E-04,0.092
4.44E-04,0.092
4.44E-04,0.094
4.44E-04,0.096
4.44E-04,0.092
4.44E-04,0.098
4.45E-04,0.092
4.45E-04,0.098
4.45E-04,0.098
4.45E-04,0.092
4.45E-04,0.098
4.46E-04,0.096
4.46E-04,0.100
4.46E-04,0.090
4.46E-04,0.104
4.46E-04,0.090
4.47E-04,0.098
4.47E-04,0.100
4.47E-04,0.096
4.47E-04,0.100
4.47E-04,0.100
4.48E-04,0.092
4.48E-04,0.102
4.48E-04,0.098
4.48E-04,0.096
4.48E-04,0.104
4.49E-04,0.092
4.49E-04,0.100
4.49E-04,0.098
4.49E-04,0.098
4.49E-04,0.100
4.50E-04,0.098
4.50E-04,0.096
4.50E-04,0.102
4.50E-04,0.100
4.50E-04,0.098
4.51E-04,0.102
4.51E-04,0.102
4.51E-04,0.098
4.51E-04,0.102
4.51E-04,0.094
4.52E-04,0.100
4.52E-04,0.100
4.52E-04,0.098
4.52E-04,0.102
4.52E-04,0.100
4.53E-04,0.096
4.53E-04,0.100
4.53E-04,0.092
4.53E-04,0.102
4.53E-04,0.094
4.54E-04,0.100
4.54E-04,0.094
4.54E-04,0.098
4.54E-04,0.100
4.54E-04,0.096
4.55E-04,0.100
4.55E-04,0.096
4.55E-04,0.094
4.55E-04,0.096
4.55E-04,0.096
4.56E-04,0.096
4.56E-04,0.100
4.56E-04,0.090
4.56E-04,0.098
4.56E-04,0.096
4.57E-04,0.094
4.57E-04,0.096
4.57E-04,0.094
4.57E-04,0.096
4.57E-04,0.096
4.58E-04,0.100
4.58E-04,0.094
4.58E-04,0.098
4.58E-04,0.094
4.58E-04,0.092
4.59E-04,0.096
4.59E-04,0.092
4.59E-04,0.096
4.59E-04,0.094
4.59E-04,0.092
4.60E-04,0.096
4.60E-04,0.094
4.60E-04,0.094
4.60E-04,0.092
4.60E-04,0.092
4.61E-04,0.096
4.61E-04,0.094
4.61E-04,0.090
4.61E-04,0.094
4.61E-04,0.092
4.62E-04,0.094
4.62E-04,0.088
4.62E-04,0.094
4.62E-04,0.088
4.62E-04,0.090
4.63E-04,0.092
4.63E-04,0.092
4.63E-04,0.092
4.63E-04,0.092
4.63E-04,0.090
4.64E-04,0.090
4.64E-04,0.090
4.64E-04,0.088
4.64E-04,0.092
4.64E-04,0.088
4.65E-04,0.088
4.65E-04,0.090
4.65E-04,0.084
4.65E-04,0.090
4.65E-04,0.090
4.66E-04,0.082
4.66E-04,0.094
4.66E-04,0.082
4.66E-04,0.086
4.66E-04,0.090
4.67E-04,0.082
4.67E-04,0.088
4.67E-04,0.088
4.67E-04,0.084
4.67E-04,0.086
4.68E-04,0.082
4.68E-04,0.086
4.68E-04,0.082
4.68E-04,0.082
4.68E-04,0.084
4.69E-04,0.084
4.69E-04,0.082
4.69E-04,0.082
4.69E-04,0.078
4.69E-04,0.084
4.70E-04,0.074
4.70E-04,0.086
4.70E-04,0.078
4.70E-04,0.076
4.70E-04,0.078
4.71E-04,0.080
4.71E-04,0.078
4.71E-04,0.082
4.71E-04,0.074
4.71E-04,0.076
4.72E-04,0.078
4.72E-04,0.072
4.72E-04,0.080
4.72E-04,0.070
4.72E-04,0.076
4.73E-04,0.074
4.73E-04,0.074
4.73E-04,0.072
4.73E-04,0.074
4.73E-04,0.072
4.74E-04,0.072
4.74E-04,0.074
4.74E-04,0.066
4.74E-04,0.072
4.74E-04,0.072
4.75E-04,0.068
4.75E-04,0.074
4.75E-04,0.064
4.75E-04,0.070
4.75E-04,0.070
4.76E-04,0.068
4.76E-04,0.066
4.76E-04,0.068
4.76E-04,0.064
4.76E-04,0.068
4.77E-04,0.062
4.77E-04,0.064
4.77E-04,0.062
4.77E-04,0.068
4.77E-04,0.064
4.78E-04,0.064
4.78E-04,0.066
4.78E-04,0.060
4.78E-04,0.062
4.78E-04,0.062
4.79E-04,0.060
4.79E-04,0.060
4.79E-04,0.058
4.79E-04,0.058
4.79E-04,0.062
4.80E-04,0.056
4.80E-04,0.054
4.80E-04,0.058
4.80E-04,0.056
4.80E-04,0.056
4.81E-04,0.058
4.81E-04,0.050
4.81E-04,0.056
4.81E-04,0.052
4.81E-04,0.050
4.82E-04,0.056
4.82E-04,0.054
4.82E-04,0.054
4.82E-04,0.050
4.82E-04,0.050
4.83E-04,0.052
4.83E-04,0.052
4.83E-04,0.048
4.83E-04,0.048
4.83E-04,0.044
4.84E-04,0.046
4.84E-04,0.048
4.84E-04,0.044
4.84E-04,0.044
4.84E-04,0.048
4.85E-04,0.042
4.85E-04,0.046
4.85E-04,0.038
4.85E-04,0.050
4.85E-04,0.038
4.86E-04,0.046
4.86E-04,0.040
4.86E-04,0.042
4.86E-04,0.038
4.86E-04,0.038
4.87E-04,0.040
4.87E-04,0.038
4.87E-04,0.038
4.87E-04,0.036
4.87E-04,0.042
4.88E-04,0.032
4.88E-04,0.040
4.88E-04,0.030
4.88E-04,0.034
4.88E-04,0.034
4.89E-04,0.032
4.89E-04,0.032
4.89E-04,0.030
4.89E-04,0.034
4.89E-04,0.030
4.90E-04,0.030
4.90E-04,0.026
4.90E-04,0.028
4.90E-04,0.030
4.90E-04,0.022
4.91E-04,0.028
4.91E-04,0.028
4.91E-04,0.024
4.91E-04,0.026
4.91E-04,0.024
4.92E-04,0.024
4.92E-04,0.024
4.92E-04,0.020
4.92E-04,0.020
4.92E-04,0.028
4.93E-04,0.020
4.93E-04,0.022
4.93E-04,0.018
4.93E-04,0.024
4.93E-04,0.014
4.94E-04,0.020
4.94E-04,0.016
4.94E-04,0.018
4.94E-04,0.016
4.94E-04,0.016
4.95E-04,0.018
4.95E-04,0.016
4.95E-04,0.014
4.95E-04,0.014
4.95E-04,0.014
4.96E-04,0.012
4.96E-04,0.012
4.96E-04,0.010
4.96E-04,0.010
4.96E-04,0.014
4.97E-04,0.008
4.97E-04,0.010
4.97E-04,0.010
4.97E-04,0.002
4.97E-04,0.012
4.98E-04,0.006
4.98E-04,0.006
4.98E-04,0.008
4.98E-04,0.002
4.98E-04,0.006
4.99E-04,0.004
4.99E-04,-0.002
4.99E-04,0.004
4.99E-04,-0.002
4.99E-04,-0.002
5.00E-04,0.002
5.00E-04,-0.002
5.00E-04,-0.002
5.00E-04,0.000
5.00E-04,-0.004
5.01E-04,0.000
5.01E-04,-0.008
5.01E-04,0.000
5.01E-04,-0.008
5.01E-04,-0.002
5.02E-04,-0.006
5.02E-04,-0.010
5.02E-04,-0.004
5.02E-04,-0.010
5.02E-04,-0.008
5.03E-04,-0.008
5.03E-04,-0.012
5.03E-04,-0.010
5.03E-04,-0.008
5.03E-04,-0.014
5.04E-04,-0.008
5.04E-04,-0.012
5.04E-04,-0.016
5.04E-04,-0.012
5.04E-04,-0.012
5.05E-04,-0.020
5.05E-04,-0.014
5.05E-04,-0.020
5.05E-04,-0.020
5.05E-04,-0.014
5.06E-04,-0.020
5.06E-04,-0.016
5.06E-04,-0.016
5.06E-04,-0.026
5.06E-04,-0.020
5.07E-04,-0.020
5.07E-04,-0.024
5.07E-04,-0.022
5.07E-04,-0.024
5.07E-04,-0.026
5.08E-04,-0.024
5.08E-04,-0.024
5.08E-04,-0.026
5.08E-04,-0.020
5.08E-04,-0.028
5.09E-04,-0.024
5.09E-04,-0.028
5.09E-04,-0.024
5.09E-04,-0.038
5.09E-04,-0.020
5.10E-04,-0.034
5.10E-04,-0.030
5.10E-04,-0.028
5.10E-04,-0.034
5.10E-04,-0.030
5.11E-04,-0.032
5.11E-04,-0.038
5.11E-04,-0.032
5.11E-04,-0.032
5.11E-04,-0.038
5.12E-04,-0.032
5.12E-04,-0.038
5.12E-04,-0.036
5.12E-04,-0.038
5.12E-04,-0.040
5.13E-04,-0.036
5.13E-04,-0.036
5.13E-04,-0.042
5.13E-04,-0.036
5.13E-04,-0.040
5.14E-04,-0.042
5.14E-04,-0.036
5.14E-04,-0.040
5.14E-04,-0.042
5.14E-04,-0.038
5.15E-04,-0.046
5.15E-04,-0.040
5.15E-04,-0.044
5.15E-04,-0.046
5.15E-04,-0.044
5.16E-04,-0.046
5.16E-04,-0.048
5.16E-04,-0.044
5.16E-04,-0.050
5.16E-04,-0.046
5.17E-04,-0.054
5.17E-04,-0.048
5.17E-04,-0.052
5.17E-04,-0.052
5.17E-04,-0.054
5.18E-04,-0.058
5.18E-04,-0.048
5.18E-04,-0.060
5.18E-04,-0.052
5.18E-04,-0.056
5.19E-04,-0.056
5.19E-04,-0.054
5.19E-04,-0.056
5.19E-04,-0.054
5.19E-04,-0.056
5.20E-04,-0.058
5.20E-04,-0.054
5.20E-04,-0.056
5.20E-04,-0.058
5.20E-04,-0.058
5.21E-04,-0.064
5.21E-04,-0.058
5.21E-04,-0.062
5.21E-04,-0.058
5.21E-04,-0.064
5.22E-04,-0.064
5.22E-04,-0.058
5.22E-04,-0.062
5.22E-04,-0.060
5.22E-04,-0.056
5.23E-04,-0.068
5.23E-04,-0.056
5.23E-04,-0.066
5.23E-04,-0.064
5.23E-04,-0.064
5.24E-04,-0.066
5.24E-04,-0.066
5.24E-04,-0.064
5.24E-04,-0.068
5.24E-04,-0.064
5.25E-04,-0.072
5.25E-04,-0.062
5.25E-04,-0.070
5.25E-04,-0.070
5.25E-04,-0.068
5.26E-04,-0.076
5.26E-04,-0.066
5.26E-04,-0.074
5.26E-04,-0.074
5.26E-04,-0.072
5.27E-04,-0.074
5.27E-04,-0.074
5.27E-04,-0.070
5.27E-04,-0.076
5.27E-04,-0.074
5.28E-04,-0.074
5.28E-04,-0.078
5.28E-04,-0.072
5.28E-04,-0.074
5.28E-04,-0.078
5.29E-04,-0.072
5.29E-04,-0.078
5.29E-04,-0.076
5.29E-04,-0.078
5.29E-04,-0.082
5.30E-04,-0.078
5.30E-04,-0.078
5.30E-04,-0.084
5.30E-04,-0.076
5.30E-04,-0.084
5.31E-04,-0.082
5.31E-04,-0.076
5.31E-04,-0.080
5.31E-04,-0.082
5.31E-04,-0.080
5.32E-04,-0.086
5.32E-04,-0.080
5.32E-04,-0.082
5.32E-04,-0.084
5.32E-04,-0.082
5.33E-04,-0.086
5.33E-04,-0.076
5.33E-04,-0.090
5.33E-04,-0.080
5.33E-04,-0.088
5.34E-04,-0.080
5.34E-04,-0.084
5.34E-04,-0.086
5.34E-04,-0.084
5.34E-04,-0.084
5.35E-04,-0.086
5.35E-04,-0.086
5.35E-04,-0.086
5.35E-04,-0.088
5.35E-04,-0.082
5.36E-04,-0.090
5.36E-04,-0.086
5.36E-04,-0.090
5.36E-04,-0.086
5.36E-04,-0.090
5.37E-04,-0.084
5.37E-04,-0.090
5.37E-04,-0.086
5.37E-04,-0.088
5.37E-04,-0.090
5.38E-04,-0.086
5.38E-04,-0.090
5.38E-04,-0.094
5.38E-04,-0.084
5.38E-04,-0.096
5.39E-04,-0.090
5.39E-04,-0.090
5.39E-04,-0.094
5.39E-04,-0.090
5.39E-04,-0.090
5.40E-04,-0.094
5.40E-04,-0.088
5.40E-04,-0.094
5.40E-04,-0.088
5.40E-04,-0.094
5.41E-04,-0.092
5.41E-04,-0.088
5.41E-04,-0.096
5.41E-04,-0.084
5.41E-04,-0.096
5.42E-04,-0.088
5.42E-04,-0.090
5.42E-04,-0.094
5.42E-04,-0.090
5.42E-04,-0.092
5.43E-04,-0.094
5.43E-04,-0.090
5.43E-04,-0.096
5.43E-04,-0.096
5.43E-04,-0.092
5.44E-04,-0.094
5.44E-04,-0.090
5.44E-04,-0.090
5.44E-04,-0.092
5.44E-04,-0.092
5.45E-04,-0.090
5.45E-04,-0.096
5.45E-04,-0.088
5.45E-04,-0.094
5.45E-04,-0.096
5.46E-04,-0.090
5.46E-04,-0.092
5.46E-04,-0.090
5.46E-04,-0.090
5.46E-04,-0.092
5.47E-04,-0.090
5.47E-04,-0.096
5.47E-04,-0.096
5.47E-04,-0.096
5.47E-04,-0.096
5.48E-04,-0.092
5.48E-04,-0.090
5.48E-04,-0.094
5.48E-04,-0.094
5.48E-04,-0.098
5.49E-04,-0.086
5.49E-04,-0.098
5.49E-04,-0.090
5.49E-04,-0.094
5.49E-04,-0.098
5.50E-04,-0.092
5.50E-04,-0.098
5.50E-04,-0.092
5.50E-04,-0.096
5.50E-04,-0.092
5.51E-04,-0.092
5.51E-04,-0.090
5.51E-04,-0.094
5.51E-04,-0.090
5.51E-04,-0.094
5.52E-04,-0.094
5.52E-04,-0.096
5.52E-04,-0.094
5.52E-04,-0.096
5.52E-04,-0.092
5.53E-04,-0.090
5.53E-04,-0.094
5.53E-04,-0.090
5.53E-04,-0.096
5.53E-04,-0.090
5.54E-04,-0.092
5.54E-04,-0.094
5.54E-04,-0.090
5.54E-04,-0.090
5.54E-04,-0.098
5.55E-04,-0.088
5.55E-04,-0.094
5.55E-04,-0.090
5.55E-04,-0.090
5.55E-04,-0.092
5.56E-04,-0.088
5.56E-04,-0.088
5.56E-04,-0.092
5.56E-04,-0.086
5.56E-04,-0.092
5.57E-04,-0.086
5.57E-04,-0.096
5.57E-04,-0.084
5.57E-04,-0.090
5.57E-04,-0.094
5.58E-04,-0.086
5.58E-04,-0.092
5.58E-04,-0.088
5.58E-04,-0.090
5.58E-04,-0.088
5.59E-04,-0.088
5.59E-04,-0.084
5.59E-04,-0.090
5.59E-04,-0.086
5.59E-04,-0.088
5.60E-04,-0.088
5.60E-04,-0.086
5.60E-04,-0.086
5.60E-04,-0.092
5.60E-04,-0.082
5.61E-04,-0.086
5.61E-04,-0.084
5.61E-04,-0.086
5.61E-04,-0.084
5.61E-04,-0.088
5.62E-04,-0.086
5.62E-04,-0.088
5.62E-04,-0.082
5.62E-04,-0.086
5.62E-04,-0.084
5.63E-04,-0.082
5.63E-04,-0.086
5.63E-04,-0.082
5.63E-04,-0.080
5.63E-04,-0.086
5.64E-04,-0.080
5.64E-04,-0.082
5.64E-04,-0.082
5.64E-04,-0.080
5.64E-04,-0.082
5.65E-04,-0.076
5.65E-04,-0.084
5.65E-04,-0.074
5.65E-04,-0.084
5.65E-04,-0.076
5.66E-04,-0.078
5.66E-04,-0.078
5.66E-04,-0.078
5.66E-04,-0.078
5.66E-04,-0.078
5.67E-04,-0.074
5.67E-04,-0.076
5.67E-04,-0.080
5.67E-04,-0.074
5.67E-04,-0.078
5.68E-04,-0.074
5.68E-04,-0.078
5.68E-04,-0.072
5.68E-04,-0.074
5.68E-04,-0.072
5.69E-04,-0.076
5.69E-04,-0.074
5.69E-04,-0.070
5.69E-04,-0.078
5.69E-04,-0.074
5.70E-04,-0.072
5.70E-04,-0.076
5.70E-04,-0.066
5.70E-04,-0.078
5.70E-04,-0.072
5.71E-04,-0.068
5.71E-04,-0.070
5.71E-04,-0.068
5.71E-04,-0.066
5.71E-04,-0.070
5.72E-04,-0.064
5.72E-04,-0.068
5.72E-04,-0.066
5.72E-04,-0.066
5.72E-04,-0.066
5.73E-04,-0.062
5.73E-04,-0.070
5.73E-04,-0.058
5.73E-04,-0.066
5.73E-04,-0.060
5.74E-04,-0.058
5.74E-04,-0.062
5.74E-04,-0.060
5.74E-04,-0.060
5.74E-04,-0.062
5.75E-04,-0.058
5.75E-04,-0.060
5.75E-04,-0.062
5.75E-04,-0.056
5.75E-04,-0.060
5.76E-04,-0.058
5.76E-04,-0.056
5.76E-04,-0.058
5.76E-04,-0.058
5.76E-04,-0.056
5.77E-04,-0.060
5.77E-04,-0.050
5.77E-04,-0.054
5.77E-04,-0.052
5.77E-04,-0.050
5.78E-04,-0.054
5.78E-04,-0.050
5.78E-04,-0.048
5.78E-04,-0.054
5.78E-04,-0.044
5.79E-04,-0.052
5.79E-04,-0.050
5.79E-04,-0.046
5.79E-04,-0.048
5.79E-04,-0.048
5.80E-04,-0.044
5.80E-04,-0.050
5.80E-04,-0.040
5.80E-04,-0.052
5.80E-04,-0.042
5.81E-04,-0.048
5.81E-04,-0.042
5.81E-04,-0.046
5.81E-04,-0.046
5.81E-04,-0.040
5.82E-04,-0.046
5.82E-04,-0.038
5.82E-04,-0.044
5.82E-04,-0.038
5.82E-04,-0.040
5.83E-04,-0.040
5.83E-04,-0.042
5.83E-04,-0.038
5.83E-04,-0.042
5.83E-04,-0.036
5.84E-04,-0.036
5.84E-04,-0.036
5.84E-04,-0.036
5.84E-04,-0.036
5.84E-04,-0.034
5.85E-04,-0.038
5.85E-04,-0.030
5.85E-04,-0.034
5.85E-04,-0.030
5.85E-04,-0.026
5.86E-04,-0.030
5.86E-04,-0.028
5.86E-04,-0.026
5.86E-04,-0.032
5.86E-04,-0.022
5.87E-04,-0.028
5.87E-04,-0.026
5.87E-04,-0.024
5.87E-04,-0.028
5.87E-04,-0.028
5.88E-04,-0.020
5.88E-04,-0.028
5.88E-04,-0.018
5.88E-04,-0.026
5.88E-04,-0.018
5.89E-04,-0.026
5.89E-04,-0.022
5.89E-04,-0.016
5.89E-04,-0.026
5.89E-04,-0.020
5.90E-04,-0.022
5.90E-04,-0.022
5.90E-04,-0.016
5.90E-04,-0.024
5.90E-04,-0.018
5.91E-04,-0.014
5.91E-04,-0.018
5.91E-04,-0.014
5.91E-04,-0.016
5.91E-04,-0.012
5.92E-04,-0.012
5.92E-04,-0.012
5.92E-04,-0.016
5.92E-04,-0.008
5.92E-04,-0.014
5.93E-04,-0.008
5.93E-04,-0.008
5.93E-04,-0.010
5.93E-04,-0.008
5.93E-04,-0.008
5.94E-04,-0.010
5.94E-04,-0.006
5.94E-04,-0.008
5.94E-04,-0.006
5.94E-04,-0.004
5.95E-04,-0.006
5.95E-04,-0.004
5.95E-04,-0.002
5.95E-04,-0.006
5.95E-04,0.000
5.96E-04,-0.002
5.96E-04,-0.002
5.96E-04,0.000
5.96E-04,0.000
5.96E-04,0.006
5.97E-04,0.000
5.97E-04,0.008
5.97E-04,0.000
5.97E-04,0.004
5.97E-04,0.006
5.98E-04,0.008
5.98E-04,0.006
5.98E-04,0.006
5.98E-04,0.010
5.98E-04,0.010
5.99E-04,0.008
5.99E-04,0.008
5.99E-04,0.012
5.99E-04,0.010
5.99E-04,0.012
6.00E-04,0.010
6.00E-04,0.014
6.00E-04,0.010
6.00E-04,0.014
6.00E-04,0.012
6.01E-04,0.012
6.01E-04,0.020
6.01E-04,0.012
6.01E-04,0.020
6.01E-04,0.018
6.02E-04,0.010
6.02E-04,0.020
6.02E-04,0.016
6.02E-04,0.018
6.02E-04,0.022
6.03E-04,0.016
6.03E-04,0.020
6.03E-04,0.024
6.03E-04,0.018
6.03E-04,0.024
6.04E-04,0.026
6.04E-04,0.024
6.04E-04,0.026
6.04E-04,0.020
6.04E-04,0.032
6.05E-04,0.022
6.05E-04,0.030
6.05E-04,0.026
6.05E-04,0.026
6.05E-04,0.034
6.06E-04,0.028
6.06E-04,0.030
6.06E-04,0.032
6.06E-04,0.028
6.06E-04,0.034
6.07E-04,0.034
6.07E-04,0.030
6.07E-04,0.036
6.07E-04,0.032
6.07E-04,0.032
6.08E-04,0.040
6.08E-04,0.032
6.08E-04,0.036
6.08E-04,0.042
6.08E-04,0.034
6.09E-04,0.042
6.09E-04,0.040
6.09E-04,0.038
6.09E-04,0.044
6.09E-04,0.044
6.10E-04,0.044
6.10E-04,0.044
6.10E-04,0.042
6.10E-04,0.048
6.10E-04,0.042
6.11E-04,0.044
6.11E-04,0.046
6.11E-04,0.048
6.11E-04,0.044
6.11E-04,0.048
6.12E-04,0.046
6.12E-04,0.048
6.12E-04,0.040
6.12E-04,0.052
6.12E-04,0.044
6.13E-04,0.050
6.13E-04,0.052
6.13E-04,0.046
6.13E-04,0.054
6.13E-04,0.052
6.14E-04,0.054
6.14E-04,0.054
6.14E-04,0.054
6.14E-04,0.052
6.14E-04,0.056
6.15E-04,0.054
6.15E-04,0.056
6.15E-04,0.054
6.15E-04,0.054
6.15E-04,0.056
6.16E-04,0.060
6.16E-04,0.054
6.16E-04,0.058
6.16E-04,0.060
6.16E-04,0.058
6.17E-04,0.062
6.17E-04,0.060
6.17E-04,0.064
6.17E-04,0.062
6.17E-04,0.064
6.18E-04,0.064
6.18E-04,0.068
6.18E-04,0.064
6.18E-04,0.070
6.18E-04,0.062
6.19E-04,0.066
6.19E-04,0.068
6.19E-04,0.066
6.19E-04,0.064
6.19E-04,0.070
6.20E-04,0.064
6.20E-04,0.072
6.20E-04,0.066
6.20E-04,0.072
6.20E-04,0.064
6.21E-04,0.072
6.21E-04,0.072
6.21E-04,0.070
6.21E-04,0.072
6.21E-04,0.072
6.22E-04,0.072
6.22E-04,0.070
6.22E-04,0.070
6.22E-04,0.070
6.22E-04,0.074
6.23E-04,0.072
6.23E-04,0.076
6.23E-04,0.072
6.23E-04,0.072
6.23E-04,0.076
6.24E-04,0.076
6.24E-04,0.072
6.24E-04,0.082
6.24E-04,0.074
6.24E-04,0.078
6.25E-04,0.078
6.25E-04,0.078
6.25E-04,0.074
6.25E-04,0.078
6.25E-04,0.072
6.26E-04,0.082
6.26E-04,0.074
6.26E-04,0.078
6.26E-04,0.084
6.26E-04,0.076
6.27E-04,0.082
6.27E-04,0.084
6.27E-04,0.080
6.27E-04,0.084
6.27E-04,0.082
6.28E-04,0.082
6.28E-04,0.084
6.28E-04,0.082
6.28E-04,0.090
6.28E-04,0.082
6.29E-04,0.090
6.29E-04,0.082
6.29E-04,0.088
6.29E-04,0.084
6.29E-04,0.084
6.30E-04,0.084
6.30E-04,0.090
6.30E-04,0.084
6.30E-04,0.088
6.30E-04,0.086
6.31E-04,0.086
6.31E-04,0.090
6.31E-04,0.086
6.31E-04,0.090
6.31E-04,0.088
6.32E-04,0.092
6.32E-04,0.084
6.32E-04,0.092
6.32E-04,0.090
6.32E-04,0.090
6.33E-04,0.090
6.33E-04,0.092
6.33E-04,0.090
6.33E-04,0.090
6.33E-04,0.086
6.34E-04,0.094
6.34E-04,0.092
6.34E-04,0.090
6.34E-04,0.092
6.34E-04,0.090
6.35E-04,0.090
6.35E-04,0.094
6.35E-04,0.090
6.35E-04,0.094
6.35E-04,0.096
6.36E-04,0.096
6.36E-04,0.096
6.36E-04,0.090
6.36E-04,0.098
6.36E-04,0.088
6.37E-04,0.100
6.37E-04,0.094
6.37E-04,0.092
6.37E-04,0.100
6.37E-04,0.092
6.38E-04,0.096
6.38E-04,0.096
6.38E-04,0.096
6.38E-04,0.096
6.38E-04,0.096
6.39E-04,0.092
6.39E-04,0.098
6.39E-04,0.098
6.39E-04,0.098
6.39E-04,0.098
6.40E-04,0.096
6.40E-04,0.096
6.40E-04,0.098
6.40E-04,0.096
6.40E-04,0.098
6.41E-04,0.096
6.41E-04,0.096
6.41E-04,0.098
6.41E-04,0.098
6.41E-04,0.096
6.42E-04,0.102
6.42E-04,0.092
6.42E-04,0.100
6.42E-04,0.098
6.42E-04,0.098
6.43E-04,0.100
6.43E-04,0.098
6.43E-04,0.094
6.43E-04,0.100
6.43E-04,0.094
6.44E-04,0.098
6.44E-04,0.094
6.44E-04,0.100
6.44E-04,0.102
6.44E-04,0.092
6.45E-04,0.104
6.45E-04,0.096
6.45E-04,0.102
6.45E-04,0.096
6.45E-04,0.098
6.46E-04,0.096
6.46E-04,0.100
6.46E-04,0.094
6.46E-04,0.100
6.46E-04,0.094
6.47E-04,0.098
6.47E-04,0.098
6.47E-04,0.096
6.47E-04,0.098
6.47E-04,0.098
6.48E-04,0.102
6.48E-04,0.092
6.48E-04,0.102
6.48E-04,0.094
6.48E-04,0.100
6.49E-04,0.100
6.49E-04,0.096
6.49E-04,0.098
6.49E-04,0.098
6.49E-04,0.094
6.50E-04,0.102
6.50E-04,0.092
6.50E-04,0.100
6.50E-04,0.098
6.50E-04,0.094
6.51E-04,0.098
6.51E-04,0.098
6.51E-04,0.096
6.51E-04,0.098
6.51E-04,0.092
6.52E-04,0.098
6.52E-04,0.092
6.52E-04,0.094
6.52E-04,0.096
6.52E-04,0.088
6.53E-04,0.098
6.53E-04,0.088
6.53E-04,0.096
6.53E-04,0.096
6.53E-04,0.092
6.54E-04,0.096
6.54E-04,0.092
6.54E-04,0.094
6.54E-04,0.098
6.54E-04,0.094
6.55E-04,0.096
6.55E-04,0.094
6.55E-04,0.090
6.55E-04,0.092
6.55E-04,0.092
6.56E-04,0.090
6.56E-04,0.092
6.56E-04,0.094
6.56E-04,0.088
6.56E-04,0.096
6.57E-04,0.090
6.57E-04,0.092
6.57E-04,0.094
6.57E-04,0.090
6.57E-04,0.092
6.58E-04,0.092
6.58E-04,0.088
6.58E-04,0.096
6.58E-04,0.092
6.58E-04,0.092
6.59E-04,0.090
6.59E-04,0.090
6.59E-04,0.090
6.59E-04,0.090
6.59E-04,0.086
6.60E-04,0.090
6.60E-04,0.082
6.60E-04,0.092
6.60E-04,0.086
6.60E-04,0.088
6.61E-04,0.088
6.61E-04,0.084
6.61E-04,0.086
6.61E-04,0.082
6.61E-04,0.088
6.62E-04,0.082
6.62E-04,0.084
6.62E-04,0.082
6.62E-04,0.084
6.62E-04,0.082
6.63E-04,0.082
6.63E-04,0.082
6.63E-04,0.082
6.63E-04,0.082
6.63E-04,0.082
6.64E-04,0.082
6.64E-04,0.082
6.64E-04,0.086
6.64E-04,0.078
6.64E-04,0.080
6.65E-04,0.072
6.65E-04,0.076
6.65E-04,0.078
6.65E-04,0.076
6.65E-04,0.076
6.66E-04,0.080
6.66E-04,0.070
6.66E-04,0.082
6.66E-04,0.074
6.66E-04,0.076
6.67E-04,0.076
6.67E-04,0.078
6.67E-04,0.072
6.67E-04,0.074
6.67E-04,0.072
6.68E-04,0.076
6.68E-04,0.066
6.68E-04,0.076
6.68E-04,0.072
6.68E-04,0.066
6.69E-04,0.076
6.69E-04,0.064
6.69E-04,0.074
6.69E-04,0.068
6.69E-04,0.066
6.70E-04,0.072
6.70E-04,0.068
6.70E-04,0.068
6.70E-04,0.072
6.70E-04,0.068
6.71E-04,0.066
6.71E-04,0.066
6.71E-04,0.064
6.71E-04,0.066
6.71E-04,0.066
6.72E-04,0.064
6.72E-04,0.066
6.72E-04,0.062
6.72E-04,0.062
6.72E-04,0.068
6.73E-04,0.060
6.73E-04,0.064
6.73E-04,0.060
6.73E-04,0.054
6.73E-04,0.062
6.74E-04,0.058
6.74E-04,0.058
6.74E-04,0.062
6.74E-04,0.056
6.74E-04,0.060
6.75E-04,0.056
6.75E-04,0.054
6.75E-04,0.056
6.75E-04,0.056
6.75E-04,0.054
6.76E-04,0.062
6.76E-04,0.052
6.76E-04,0.062
6.76E-04,0.048
6.76E-04,0.054
6.77E-04,0.052
6.77E-04,0.052
6.77E-04,0.050
6.77E-04,0.050
6.77E-04,0.046
6.78E-04,0.054
6.78E-04,0.048
6.78E-04,0.050
6.78E-04,0.048
6.78E-04,0.046
6.79E-04,0.048
6.79E-04,0.046
6.79E-04,0.046
6.79E-04,0.044
6.79E-04,0.046
6.80E-04,0.040
6.80E-04,0.042
6.80E-04,0.044
6.80E-04,0.042
6.80E-04,0.046
6.81E-04,0.042
6.81E-04,0.040
6.81E-04,0.038
6.81E-04,0.038
6.81E-04,0.040
6.82E-04,0.042
6.82E-04,0.036
6.82E-04,0.042
6.82E-04,0.036
6.82E-04,0.036
6.83E-04,0.038
6.83E-04,0.034
6.83E-04,0.032
6.83E-04,0.036
6.83E-04,0.030
6.84E-04,0.036
6.84E-04,0.030
6.84E-04,0.036
6.84E-04,0.026
6.84E-04,0.030
6.85E-04,0.032
6.85E-04,0.026
6.85E-04,0.030
6.85E-04,0.028
6.85E-04,0.026
6.86E-04,0.028
6.86E-04,0.026
6.86E-04,0.028
6.86E-04,0.026
6.86E-04,0.020
6.87E-04,0.026
6.87E-04,0.022
6.87E-04,0.022
6.87E-04,0.022
6.87E-04,0.022
6.88E-04,0.016
6.88E-04,0.022
6.88E-04,0.020
6.88E-04,0.018
6.88E-04,0.018
6.89E-04,0.016
6.89E-04,0.022
6.89E-04,0.020
6.89E-04,0.014
6.89E-04,0.020
6.90E-04,0.014
6.90E-04,0.010
6.90E-04,0.018
6.90E-04,0.012
6.90E-04,0.014
6.91E-04,0.014
6.91E-04,0.010
6.91E-04,0.008
6.91E-04,0.012
6.91E-04,0.008
6.92E-04,0.014
6.92E-04,0.004
6.92E-04,0.014
6.92E-04,0.002
6.92E-04,0.008
6.93E-04,0.006
6.93E-04,0.000
6.93E-04,0.002
6.93E-04,0.002
6.93E-04,0.000
6.94E-04,0.002
6.94E-04,0.000
6.94E-04,-0.002
6.94E-04,0.002
6.94E-04,0.000
6.95E-04,0.002
6.95E-04,-0.004
6.95E-04,0.000
6.95E-04,-0.002
6.95E-04,0.000
6.96E-04,-0.006
6.96E-04,-0.004
6.96E-04,-0.006
6.96E-04,-0.004
6.96E-04,-0.002
6.97E-04,-0.010
6.97E-04,-0.006
6.97E-04,-0.008
6.97E-04,-0.010
6.97E-04,-0.010
6.98E-04,-0.008
6.98E-04,-0.012
6.98E-04,-0.008
6.98E-04,-0.012
6.98E-04,-0.012
6.99E-04,-0.010
6.99E-04,-0.014
6.99E-04,-0.014
6.99E-04,-0.010
6.99E-04,-0.020
7.00E-04,-0.010
7.00E-04,-0.020
7.00E-04,-0.010
7.00E-04,-0.022
7.00E-04,-0.016
7.01E-04,-0.016
7.01E-04,-0.018
7.01E-04,-0.016
7.01E-04,-0.020
7.01E-04,-0.018
7.02E-04,-0.020
7.02E-04,-0.024
7.02E-04,-0.024
7.02E-04,-0.020
7.02E-04,-0.026
7.03E-04,-0.026
7.03E-04,-0.026
7.03E-04,-0.028
7.03E-04,-0.026
7.03E-04,-0.028
7.04E-04,-0.032
7.04E-04,-0.026
7.04E-04,-0.032
7.04E-04,-0.030
7.04E-04,-0.028
7.05E-04,-0.032
7.05E-04,-0.030
7.05E-04,-0.030
7.05E-04,-0.038
7.05E-04,-0.030
7.06E-04,-0.034
7.06E-04,-0.038
7.06E-04,-0.034
7.06E-04,-0.040
7.06E-04,-0.036
7.07E-04,-0.034
7.07E-04,-0.042
7.07E-04,-0.036
7.07E-04,-0.036
7.07E-04,-0.040
7.08E-04,-0.036
7.08E-04,-0.042
7.08E-04,-0.034
7.08E-04,-0.048
7.08E-04,-0.036
7.09E-04,-0.044
7.09E-04,-0.040
7.09E-04,-0.042
7.09E-04,-0.042
7.09E-04,-0.044
7.10E-04,-0.042
7.10E-04,-0.046
7.10E-04,-0.044
7.10E-04,-0.044
7.10E-04,-0.048
7.11E-04,-0.044
7.11E-04,-0.050
7.11E-04,-0.046
7.11E-04,-0.048
7.11E-04,-0.048
7.12E-04,-0.050
7.12E-04,-0.048
7.12E-04,-0.052
7.12E-04,-0.052
7.12E-04,-0.048
7.13E-04,-0.054
7.13E-04,-0.056
7.13E-04,-0.056
7.13E-04,-0.056
7.13E-04,-0.052
7.14E-04,-0.058
7.14E-04,-0.058
7.14E-04,-0.052
7.14E-04,-0.062
7.14E-04,-0.058
7.15E-04,-0.056
7.15E-04,-0.060
7.15E-04,-0.058
7.15E-04,-0.058
7.15E-04,-0.060
7.16E-04,-0.054
7.16E-04,-0.064
7.16E-04,-0.054
7.16E-04,-0.068
7.16E-04,-0.060
7.17E-04,-0.058
7.17E-04,-0.064
7.17E-04,-0.060
7.17E-04,-0.066
7.17E-04,-0.062
7.18E-04,-0.064
7.18E-04,-0.066
7.18E-04,-0.066
7.18E-04,-0.064
7.18E-04,-0.068
7.19E-04,-0.064
7.19E-04,-0.070
7.19E-04,-0.070
7.19E-04,-0.066
7.19E-04,-0.068
7.20E-04,-0.072
7.20E-04,-0.068
7.20E-04,-0.072
7.20E-04,-0.068
7.20E-04,-0.072
7.21E-04,-0.072
7.21E-04,-0.072
7.21E-04,-0.070
7.21E-04,-0.078
7.21E-04,-0.072
7.22E-04,-0.076
7.22E-04,-0.076
7.22E-04,-0.074
7.22E-04,-0.076
7.22E-04,-0.074
7.23E-04,-0.074
7.23E-04,-0.078
7.23E-04,-0.072
7.23E-04,-0.076
7.23E-04,-0.078
7.24E-04,-0.074
7.24E-04,-0.078
7.24E-04,-0.074
7.24E-04,-0.082
7.24E-04,-0.074
7.25E-04,-0.080
7.25E-04,-0.074
7.25E-04,-0.078
7.25E-04,-0.080
7.25E-04,-0.080
7.26E-04,-0.078
7.26E-04,-0.080
7.26E-04,-0.082
7.26E-04,-0.082
7.26E-04,-0.084
7.27E-04,-0.076
7.27E-04,-0.086
7.27E-04,-0.082
7.27E-04,-0.084
7.27E-04,-0.080
7.28E-04,-0.084
7.28E-04,-0.080
7.28E-04,-0.084
7.28E-04,-0.084
7.28E-04,-0.082
7.29E-04,-0.088
7.29E-04,-0.082
7.29E-04,-0.086
7.29E-04,-0.090
7.29E-04,-0.086
7.30E-04,-0.086
7.30E-04,-0.090
7.30E-04,-0.086
7.30E-04,-0.090
7.30E-04,-0.088
7.31E-04,-0.084
7.31E-04,-0.090
7.31E-04,-0.088
7.31E-04,-0.086
7.31E-04,-0.092
7.32E-04,-0.082
7.32E-04,-0.090
7.32E-04,-0.082
7.32E-04,-0.094
7.32E-04,-0.084
7.33E-04,-0.086
7.33E-04,-0.090
7.33E-04,-0.086
7.33E-04,-0.088
7.33E-04,-0.090
7.34E-04,-0.088
7.34E-04,-0.090
7.34E-04,-0.090
7.34E-04,-0.092
7.34E-04,-0.096
7.35E-04,-0.090
7.35E-04,-0.092
7.35E-04,-0.092
7.35E-04,-0.088
7.35E-04,-0.090
7.36E-04,-0.094
7.36E-04,-0.088
7.36E-04,-0.096
7.36E-04,-0.088
7.36E-04,-0.092
7.37E-04,-0.094
7.37E-04,-0.088
7.37E-04,-0.092
7.37E-04,-0.094
7.37E-04,-0.086
7.38E-04,-0.096
7.38E-04,-0.094
7.38E-04,-0.094
7.38E-04,-0.092
7.38E-04,-0.092
7.39E-04,-0.096
7.39E-04,-0.094
7.39E-04,-0.090
7.39E-04,-0.098
7.39E-04,-0.092
7.40E-04,-0.094
7.40E-04,-0.092
7.40E-04,-0.092
7.40E-04,-0.098
7.40E-04,-0.090
7.41E-04,-0.100
7.41E-04,-0.094
7.41E-04,-0.094
7.41E-04,-0.092
7.41E-04,-0.094
7.42E-04,-0.092
7.42E-04,-0.100
7.42E-04,-0.090
7.42E-04,-0.098
7.42E-04,-0.094
7.43E-04,-0.092
7.43E-04,-0.096
7.43E-04,-0.098
7.43E-04,-0.094
7.43E-04,-0.094
7.44E-04,-0.100
7.44E-04,-0.092
7.44E-04,-0.096
7.44E-04,-0.096
7.44E-04,-0.096
7.45E-04,-0.098
7.45E-04,-0.090
7.45E-04,-0.094
7.45E-04,-0.098
7.45E-04,-0.088
7.46E-04,-0.100
7.46E-04,-0.094
7.46E-04,-0.090
7.46E-04,-0.096
7.46E-04,-0.096
7.47E-04,-0.096
7.47E-04,-0.094
7.47E-04,-0.090
7.47E-04,-0.094
7.47E-04,-0.090
7.48E-04,-0.092
7.48E-04,-0.094
7.48E-04,-0.088
7.48E-04,-0.096
7.48E-04,-0.088
7.49E-04,-0.094
7.49E-04,-0.088
7.49E-04,-0.094
7.49E-04,-0.088
7.49E-04,-0.092
7.50E-04,-0.090
7.50E-04,-0.090
7.50E-04,-0.090
7.50E-04,-0.090
7.50E-04,-0.092
7.51E-04,-0.088
7.51E-04,-0.090
7.51E-04,-0.092
7.51E-04,-0.088
7.51E-04,-0.088
7.52E-04,-0.090
7.52E-04,-0.088
7.52E-04,-0.092
7.52E-04,-0.086
7.52E-04,-0.090
7.53E-04,-0.088
7.53E-04,-0.088
7.53E-04,-0.088
7.53E-04,-0.092
7.53E-04,-0.082
7.54E-04,-0.094
7.54E-04,-0.084
7.54E-04,-0.086
7.54E-04,-0.086
7.54E-04,-0.084
7.55E-04,-0.086
7.55E-04,-0.086
7.55E-04,-0.082
7.55E-04,-0.090
7.55E-04,-0.082
7.56E-04,-0.090
7.56E-04,-0.086
7.56E-04,-0.082
7.56E-04,-0.090
7.56E-04,-0.080
7.57E-04,-0.090
7.57E-04,-0.080
7.57E-04,-0.082
7.57E-04,-0.086
7.57E-04,-0.082
7.58E-04,-0.082
7.58E-04,-0.084
7.58E-04,-0.078
7.58E-04,-0.082
7.58E-04,-0.080
7.59E-04,-0.080
7.59E-04,-0.086
7.59E-04,-0.082
7.59E-04,-0.080
7.59E-04,-0.080
7.60E-04,-0.080
7.60E-04,-0.074
7.60E-04,-0.082
7.60E-04,-0.076
7.60E-04,-0.078
7.61E-04,-0.078
7.61E-04,-0.078
7.61E-04,-0.074
7.61E-04,-0.080
7.61E-04,-0.074
7.62E-04,-0.082
7.62E-04,-0.076
7.62E-04,-0.078
7.62E-04,-0.076
7.62E-04,-0.074
7.63E-04,-0.072
7.63E-04,-0.076
7.63E-04,-0.072
7.63E-04,-0.072
7.63E-04,-0.072
7.64E-04,-0.072
7.64E-04,-0.074
7.64E-04,-0.068
7.64E-04,-0.076
7.64E-04,-0.064
7.65E-04,-0.076
7.65E-04,-0.068
7.65E-04,-0.072
7.65E-04,-0.070
7.65E-04,-0.070
7.66E-04,-0.070
7.66E-04,-0.068
7.66E-04,-0.068
7.66E-04,-0.068
7.66E-04,-0.068
7.67E-04,-0.064
7.67E-04,-0.070
7.67E-04,-0.066
7.67E-04,-0.068
7.67E-04,-0.064
7.68E-04,-0.068
7.68E-04,-0.060
7.68E-04,-0.068
7.68E-04,-0.060
7.68E-04,-0.064
7.69E-04,-0.064
7.69E-04,-0.060
7.69E-04,-0.060
7.69E-04,-0.062
7.69E-04,-0.056
7.70E-04,-0.066
7.70E-04,-0.058
7.70E-04,-0.056
7.70E-04,-0.060
7.70E-04,-0.056
7.71E-04,-0.056
7.71E-04,-0.058
7.71E-04,-0.052
7.71E-04,-0.058
7.71E-04,-0.054
7.72E-04,-0.056
7.72E-04,-0.054
7.72E-04,-0.050
7.72E-04,-0.058
7.72E-04,-0.044
7.73E-04,-0.056
7.73E-04,-0.048
7.73E-04,-0.048
7.73E-04,-0.054
7.73E-04,-0.048
7.74E-04,-0.050
7.74E-04,-0.048
7.74E-04,-0.046
7.74E-04,-0.048
7.74E-04,-0.048
7.75E-04,-0.044
7.75E-04,-0.048
7.75E-04,-0.040
7.75E-04,-0.044
7.75E-04,-0.046
7.76E-04,-0.046
7.76E-04,-0.040
7.76E-04,-0.044
7.76E-04,-0.040
7.76E-04,-0.040
7.77E-04,-0.040
7.77E-04,-0.040
7.77E-04,-0.038
7.77E-04,-0.044
7.77E-04,-0.034
7.78E-04,-0.042
7.78E-04,-0.036
7.78E-04,-0.036
7.78E-04,-0.038
7.78E-04,-0.036
7.79E-04,-0.036
7.79E-04,-0.038
7.79E-04,-0.032
7.79E-04,-0.038
7.79E-04,-0.032
7.80E-04,-0.034
7.80E-04,-0.034
7.80E-04,-0.026
7.80E-04,-0.034
7.80E-04,-0.024
7.81E-04,-0.036
7.81E-04,-0.022
7.81E-04,-0.032
7.81E-04,-0.030
7.81E-04,-0.024
7.82E-04,-0.028
7.82E-04,-0.024
7.82E-04,-0.026
7.82E-04,-0.026
7.82E-04,-0.026
7.83E-04,-0.024
7.83E-04,-0.028
7.83E-04,-0.018
7.83E-04,-0.026
7.83E-04,-0.020
7.84E-04,-0.022
7.84E-04,-0.016
7.84E-04,-0.024
7.84E-04,-0.018
7.84E-04,-0.018
7.85E-04,-0.020
7.85E-04,-0.018
7.85E-04,-0.018
7.85E-04,-0.020
7.85E-04,-0.012
7.86E-04,-0.020
7.86E-04,-0.018
7.86E-04,-0.014
7.86E-04,-0.016
7.86E-04,-0.014
7.87E-04,-0.012
7.87E-04,-0.012
7.87E-04,-0.008
7.87E-04,-0.008
7.87E-04,-0.008
7.88E-04,-0.008
7.88E-04,-0.012
7.88E-04,0.000
7.88E-04,-0.014
7.88E-04,-0.002
7.89E-04,-0.008
7.89E-04,-0.006
7.89E-04,0.000
7.89E-04,-0.010
7.89E-04,-0.002
7.90E-04,-0.004
7.90E-04,-0.002
7.90E-04,0.000
7.90E-04,-0.002
7.90E-04,-0.002
7.91E-04,0.000
7.91E-04,-0.002
7.91E-04,0.002
7.91E-04,0.002
7.91E-04,0.002
7.92E-04,0.002
7.92E-04,0.002
7.92E-04,0.000
7.92E-04,0.006
7.92E-04,0.002
7.93E-04,0.002
7.93E-04,0.006
7.93E-04,0.008
7.93E-04,0.004
7.93E-04,0.010
7.94E-04,0.002
7.94E-04,0.010
7.94E-04,0.010
7.94E-04,0.010
7.94E-04,0.010
7.95E-04,0.014
7.95E-04,0.010
7.95E-04,0.014
7.95E-04,0.014
7.95E-04,0.016
7.96E-04,0.018
7.96E-04,0.012
7.96E-04,0.022
7.96E-04,0.012
7.96E-04,0.024
7.97E-04,0.014
7.97E-04,0.024
7.97E-04,0.022
7.97E-04,0.020
7.97E-04,0.022
7.98E-04,0.020
7.98E-04,0.024
7.98E-04,0.024
7.98E-04,0.020
7.98E-04,0.022
7.99E-04,0.030
7.99E-04,0.020
7.99E-04,0.028
7.99E-04,0.024
7.99E-04,0.028
8.00E-04,0.026
8.00E-04,0.032
8.00E-04,0.028
8.00E-04,0.028
8.00E-04,0.032
8.01E-04,0.026
8.01E-04,0.028
8.01E-04,0.032
8.01E-04,0.028
8.01E-04,0.032
8.02E-04,0.030
8.02E-04,0.032
8.02E-04,0.036
8.02E-04,0.032
8.02E-04,0.036
8.03E-04,0.036
8.03E-04,0.036
8.03E-04,0.038
8.03E-04,0.038
8.03E-04,0.036
8.04E-04,0.046
8.04E-04,0.038
8.04E-04,0.046
8.04E-04,0.036
8.04E-04,0.046
8.05E-04,0.040
8.05E-04,0.038
8.05E-04,0.046
8.05E-04,0.038
8.05E-04,0.046
8.06E-04,0.042
8.06E-04,0.044
8.06E-04,0.046
8.06E-04,0.044
8.06E-04,0.044
8.07E-04,0.050
8.07E-04,0.046
8.07E-04,0.048
8.07E-04,0.052
8.07E-04,0.048
8.08E-04,0.048
8.08E-04,0.054
8.08E-04,0.050
8.08E-04,0.054
8.08E-04,0.054
8.09E-04,-57.596
8.09E-04,57.782
8.09E-04,-57.482
8.09E-04,-57.544
8.09E-04,-59.846
8.10E-04,59.984
8.10E-04,57.752
8.10E-04,57.840
8.10E-04,-57.544
8.10E-04,60.104
8.11E-04,-59.700
8.11E-04,-59.692
8.11E-04,59.938
8.11E-04,57.970
8.11E-04,57.698
8.12E-04,57.858
8.12E-04,57.664
8.12E-04,59.486
8.12E-04,-59.484
8.12E-04,57.606
8.13E-04,57.474
8.13E-04,-57.572
8.13E-04,59.790
8.13E-04,-57.608
8.13E-04,58.052
8.14E-04,57.536
8.14E-04,-57.784
8.14E-04,-57.912
8.14E-04,-58.060
8.14E-04,59.486
8.15E-04,-57.700
8.15E-04,57.764
8.15E-04,-57.676
8.15E-04,59.660
8.15E-04,57.658
8.16E-04,57.762
8.16E-04,-58.006
8.16E-04,-59.834
8.16E-04,-59.440
8.16E-04,-60.040
8.17E-04,57.642
8.17E-04,59.770
8.17E-04,-57.780
8.17E-04,-59.542
8.17E-04,-59.758
8.18E-04,-59.886
8.18E-04,-57.478
8.18E-04,-59.546
8.18E-04,-58.048
8.18E-04,58.084
8.19E-04,58.076
8.19E-04,57.612
8.19E-04,59.864
8.19E-04,57.808
8.19E-04,-59.750
8.20E-04,59.828
8.20E-04,-57.744
8.20E-04,57.676
8.20E-04,59.820
8.20E-04,58.038
8.21E-04,-57.646
8.21E-04,-60.036
8.21E-04,59.958
8.21E-04,-59.926
8.21E-04,-59.442
8.22E-04,-59.814
8.22E-04,-59.966
8.22E-04,-57.982
8.22E-04,57.712
8.22E-04,-57.478
8.23E-04,-60.036
8.23E-04,-57.576
8.23E-04,-59.416
8.23E-04,57.894
8.23E-04,59.840
8.24E-04,-60.030
8.24E-04,-57.996
8.24E-04,-58.036
8.24E-04,60.128
8.24E-04,-57.658
8.25E-04,57.576
8.25E-04,-57.682
8.25E-04,57.874
8.25E-04,-60.018
8.25E-04,-57.710
8.26E-04,-59.680
8.26E-04,-57.562
8.26E-04,-59.952
8.26E-04,-57.868
8.26E-04,-59.996
8.27E-04,-57.492
8.27E-04,57.792
8.27E-04,57.788
8.27E-04,-59.988
8.27E-04,-60.080
8.28E-04,-59.992
8.28E-04,-57.496
8.28E-04,57.864
8.28E-04,-57.628
8.28E-04,-57.512
8.29E-04,0.000
8.29E-04,0.000
8.29E-04,0.000
8.29E-04,0.000
8.29E-04,0.000
8.30E-04,0.000
8.30E-04,0.000
8.30E-04,0.000
8.30E-04,0.000
8.30E-04,0.000
8.31E-04,0.000
8.31E-04,0.000
8.31E-04,0.000
8.31E-04,0.000
8.31E-04,0.000
8.32E-04,0.000
8.32E-04,0.000
8.32E-04,0.000
8.32E-04,0.000
8.32E-04,0.000
8.33E-04,0.000
8.33E-04,0.000
