2.00E-07,-0.080
4.00E-07,-0.080
6.00E-07,-0.060
8.00E-07,-0.040
1.00E-06,-0.060
1.20E-06,-0.040
1.40E-06,-0.040
1.60E-06,-0.060
1.80E-06,-0.060
2.00E-06,-0.060
2.20E-06,-0.040
2.40E-06,0.000
2.60E-06,0.000
2.80E-06,-0.020
3.00E-06,0.000
3.20E-06,0.000
3.40E-06,0.000
3.60E-06,0.020
3.80E-06,0.020
4.00E-06,0.020
4.20E-06,0.040
4.40E-06,0.000
4.60E-06,0.020
4.80E-06,0.040
5.00E-06,0.020
5.20E-06,0.040
5.40E-06,0.040
5.60E-06,0.060
5.80E-06,0.060
6.00E-06,0.080
6.20E-06,0.080
6.40E-06,0.060
6.60E-06,0.080
6.80E-06,0.120
7.00E-06,0.120
7.20E-06,0.080
7.40E-06,0.120
7.60E-06,0.120
7.80E-06,0.140
8.00E-06,0.140
8.20E-06,0.140
8.40E-06,0.120
8.60E-06,0.140
8.80E-06,0.160
9.00E-06,0.160
9.20E-06,0.160
9.40E-06,0.160
9.60E-06,0.180
9.80E-06,0.180
1.00E-05,0.180
1.02E-05,0.160
1.04E-05,0.180
1.06E-05,0.220
1.08E-05,0.200
1.10E-05,0.180
1.12E-05,0.240
1.14E-05,0.220
1.16E-05,0.240
1.18E-05,0.240
1.20E-05,0.240
1.22E-05,0.240
1.24E-05,0.240
1.26E-05,0.220
1.28E-05,0.260
1.30E-05,0.260
1.32E-05,0.280
1.34E-05,0.300
1.36E-05,0.260
1.38E-05,0.280
1.40E-05,0.280
1.42E-05,0.320
1.44E-05,0.320
1.46E-05,0.300
1.48E-05,0.300
1.50E-05,0.300
1.52E-05,0.320
1.54E-05,0.360
1.56E-05,0.340
1.58E-05,0.340
1.60E-05,0.360
1.62E-05,0.340
1.64E-05,0.340
1.66E-05,0.360
1.68E-05,0.380
1.70E-05,0.360
1.72E-05,0.380
1.74E-05,0.360
1.76E-05,0.380
1.78E-05,0.380
1.80E-05,0.380
1.82E-05,0.380
1.84E-05,0.420
1.86E-05,0.420
1.88E-05,0.400
1.90E-05,0.400
1.92E-05,0.420
1.94E-05,0.420
1.96E-05,0.400
1.98E-05,0.420
2.00E-05,0.460
2.02E-05,0.420
2.04E-05,0.440
2.06E-05,0.420
2.08E-05,0.440
2.10E-05,0.460
2.12E-05,0.460
2.14E-05,0.440
2.16E-05,0.480
2.18E-05,0.460
2.20E-05,0.480
2.22E-05,0.460
2.24E-05,0.480
2.26E-05,0.480
2.28E-05,0.500
2.30E-05,0.520
2.32E-05,0.500
2.34E-05,0.500
2.36E-05,0.520
2.38E-05,0.520
2.40E-05,0.520
2.42E-05,0.520
2.44E-05,0.520
2.46E-05,0.520
2.48E-05,0.540
2.50E-05,0.540
2.52E-05,0.560
2.54E-05,0.520
2.56E-05,0.580
2.58E-05,0.540
2.60E-05,0.560
2.62E-05,0.580
2.64E-05,0.580
2.66E-05,0.560
2.68E-05,0.560
2.70E-05,0.580
2.72E-05,0.580
2.74E-05,0.580
2.76E-05,0.580
2.78E-05,0.600
2.80E-05,0.600
2.82E-05,0.620
2.84E-05,0.600
2.86E-05,0.600
2.88E-05,0.620
2.90E-05,0.620
2.92E-05,0.620
2.94E-05,0.620
2.96E-05,0.620
2.98E-05,0.620
3.00E-05,0.620
3.02E-05,0.660
3.04E-05,0.640
3.06E-05,0.640
3.08E-05,0.660
3.10E-05,0.640
3.12E-05,0.660
3.14E-05,0.660
3.16E-05,0.660
3.18E-05,0.660
3.20E-05,0.660
3.22E-05,0.660
3.24E-05,0.660
3.26E-05,0.660
3.28E-05,0.680
3.30E-05,0.700
3.32E-05,0.680
3.34E-05,0.680
3.36E-05,0.680
3.38E-05,0.700
3.40E-05,0.700
3.42E-05,0.680
3.44E-05,0.680
3.46E-05,0.680
3.48E-05,0.700
3.50E-05,0.700
3.52E-05,0.700
3.54E-05,0.700
3.56E-05,0.740
3.58E-05,0.720
3.60E-05,0.700
3.62E-05,0.720
3.64E-05,0.740
3.66E-05,0.740
3.68E-05,0.760
3.70E-05,0.740
3.72E-05,0.720
3.74E-05,0.740
3.76E-05,0.740
3.78E-05,0.740
3.80E-05,0.740
3.82E-05,0.740
3.84E-05,0.760
3.86E-05,0.760
3.88E-05,0.760
3.90E-05,0.740
3.92E-05,0.740
3.94E-05,0.760
3.96E-05,0.780
3.98E-05,0.740
4.00E-05,0.760
4.02E-05,0.760
4.04E-05,0.760
4.06E-05,0.780
4.08E-05,0.760
4.10E-05,0.780
4.12E-05,0.800
4.14E-05,0.800
4.16E-05,0.760
4.18E-05,0.760
4.20E-05,0.780
4.22E-05,0.800
4.24E-05,0.800
4.26E-05,0.780
4.28E-05,0.780
4.30E-05,0.800
4.32E-05,0.780
4.34E-05,0.800
4.36E-05,0.780
4.38E-05,0.780
4.40E-05,0.800
4.42E-05,0.840
4.44E-05,0.800
4.46E-05,0.800
4.48E-05,0.800
4.50E-05,0.800
4.52E-05,0.800
4.54E-05,0.800
4.56E-05,0.800
4.58E-05,0.820
4.60E-05,0.780
4.62E-05,0.820
4.64E-05,0.820
4.66E-05,0.820
4.68E-05,0.820
4.70E-05,0.800
4.72E-05,0.840
4.74E-05,0.820
4.76E-05,0.840
4.78E-05,0.840
4.80E-05,0.840
4.82E-05,0.840
4.84E-05,0.800
4.86E-05,0.800
4.88E-05,0.820
4.90E-05,0.840
4.92E-05,0.820
4.94E-05,0.800
4.96E-05,0.820
4.98E-05,0.800
5.00E-05,0.800
5.02E-05,0.840
5.04E-05,0.820
5.06E-05,0.820
5.08E-05,0.860
5.10E-05,0.820
5.12E-05,0.840
5.14E-05,0.840
5.16E-05,0.860
5.18E-05,0.860
5.20E-05,0.840
5.22E-05,0.840
5.24E-05,0.840
5.26E-05,0.840
5.28E-05,0.840
5.30E-05,0.880
5.32E-05,0.840
5.34E-05,0.880
5.36E-05,0.820
5.38E-05,0.840
5.40E-05,0.880
5.42E-05,0.840
5.44E-05,0.860
5.46E-05,0.840
5.48E-05,0.840
5.50E-05,0.860
5.52E-05,0.860
5.54E-05,0.880
5.56E-05,0.820
5.58E-05,0.860
5.60E-05,0.860
5.62E-05,0.860
5.64E-05,0.860
5.66E-05,0.840
5.68E-05,0.860
5.70E-05,0.820
5.72E-05,0.860
5.74E-05,0.860
5.76E-05,0.820
5.78E-05,0.840
5.80E-05,0.880
5.82E-05,0.860
5.84E-05,0.840
5.86E-05,0.880
5.88E-05,0.840
5.90E-05,0.840
5.92E-05,0.860
5.94E-05,0.820
5.96E-05,0.840
5.98E-05,0.840
6.00E-05,0.840
6.02E-05,0.840
6.04E-05,0.840
6.06E-05,0.840
6.08E-05,0.840
6.10E-05,0.840
6.12E-05,0.880
6.14E-05,0.840
6.16E-05,0.840
6.18E-05,0.860
6.20E-05,0.860
6.22E-05,0.840
6.24E-05,0.840
6.26E-05,0.860
6.28E-05,0.860
6.30E-05,0.860
6.32E-05,0.880
6.34E-05,0.820
6.36E-05,0.840
6.38E-05,0.880
6.40E-05,0.840
6.42E-05,0.820
6.44E-05,0.840
6.46E-05,0.860
6.48E-05,0.860
6.50E-05,0.860
6.52E-05,0.800
6.54E-05,0.820
6.56E-05,0.820
6.58E-05,0.820
6.60E-05,0.820
6.62E-05,0.840
6.64E-05,0.860
6.66E-05,0.800
6.68E-05,0.840
6.70E-05,0.820
6.72E-05,0.840
6.74E-05,0.820
6.76E-05,0.800
6.78E-05,0.820
6.80E-05,0.840
6.82E-05,0.820
6.84E-05,0.800
6.86E-05,0.820
6.88E-05,0.820
6.90E-05,0.840
6.92E-05,0.820
6.94E-05,0.820
6.96E-05,0.800
6.98E-05,0.840
7.00E-05,0.800
7.02E-05,0.800
7.04E-05,0.820
7.06E-05,0.820
7.08E-05,0.780
7.10E-05,0.800
7.12E-05,0.800
7.14E-05,0.780
7.16E-05,0.800
7.18E-05,0.820
7.20E-05,0.840
7.22E-05,0.820
7.24E-05,0.800
7.26E-05,0.820
7.28E-05,0.760
7.30E-05,0.780
7.32E-05,0.780
7.34E-05,0.760
7.36E-05,0.780
7.38E-05,0.780
7.40E-05,0.780
7.42E-05,0.780
7.44E-05,0.760
7.46E-05,0.780
7.48E-05,0.780
7.50E-05,0.780
7.52E-05,0.780
7.54E-05,0.740
7.56E-05,0.780
7.58E-05,0.740
7.60E-05,0.760
7.62E-05,0.780
7.64E-05,0.780
7.66E-05,0.780
7.68E-05,0.740
7.70E-05,0.720
7.72E-05,0.760
7.74E-05,0.740
7.76E-05,0.740
7.78E-05,0.740
7.80E-05,0.720
7.82E-05,0.720
7.84E-05,0.720
7.86E-05,0.720
7.88E-05,0.740
7.90E-05,0.740
7.92E-05,0.720
7.94E-05,0.740
7.96E-05,0.680
7.98E-05,0.720
8.00E-05,0.720
8.02E-05,0.720
8.04E-05,0.700
8.06E-05,0.700
8.08E-05,0.700
8.10E-05,0.680
8.12E-05,0.700
8.14E-05,0.700
8.16E-05,0.680
8.18E-05,0.680
8.20E-05,0.680
8.22E-05,0.680
8.24E-05,0.680
8.26E-05,0.680
8.28E-05,0.660
8.30E-05,0.680
8.32E-05,0.640
8.34E-05,0.660
8.36E-05,0.640
8.38E-05,0.660
8.40E-05,0.660
8.42E-05,0.660
8.44E-05,0.660
8.46E-05,0.640
8.48E-05,0.640
8.50E-05,0.620
8.52E-05,0.620
8.54E-05,0.640
8.56E-05,0.620
8.58E-05,0.600
8.60E-05,0.600
8.62E-05,0.580
8.64E-05,0.620
8.66E-05,0.620
8.68E-05,0.600
8.70E-05,0.580
8.72E-05,0.580
8.74E-05,0.600
8.76E-05,0.580
8.78E-05,0.580
8.80E-05,0.580
8.82E-05,0.560
8.84E-05,0.560
8.86E-05,0.580
8.88E-05,0.560
8.90E-05,0.540
8.92E-05,0.580
8.94E-05,0.560
8.96E-05,0.560
8.98E-05,0.520
9.00E-05,0.520
9.02E-05,0.520
9.04E-05,0.520
9.06E-05,0.520
9.08E-05,0.540
9.10E-05,0.520
9.12E-05,0.500
9.14E-05,0.520
9.16E-05,0.500
9.18E-05,0.520
9.20E-05,0.500
9.22E-05,0.480
9.24E-05,0.500
9.26E-05,0.500
9.28E-05,0.500
9.30E-05,0.480
9.32E-05,0.480
9.34E-05,0.460
9.36E-05,0.440
9.38E-05,0.500
9.40E-05,0.440
9.42E-05,0.460
9.44E-05,0.440
9.46E-05,0.460
9.48E-05,0.420
9.50E-05,0.420
9.52E-05,0.400
9.54E-05,0.420
9.56E-05,0.420
9.58E-05,0.400
9.60E-05,0.400
9.62E-05,0.400
9.64E-05,0.420
9.66E-05,0.380
9.68E-05,0.360
9.70E-05,0.360
9.72E-05,0.360
9.74E-05,0.360
9.76E-05,0.340
9.78E-05,0.380
9.80E-05,0.360
9.82E-05,0.320
9.84E-05,0.340
9.86E-05,0.340
9.88E-05,0.340
9.90E-05,0.360
9.92E-05,0.300
9.94E-05,0.320
9.96E-05,0.320
9.98E-05,0.320
1.00E-04,0.300
1.00E-04,0.280
1.00E-04,0.300
1.01E-04,0.300
1.01E-04,0.300
1.01E-04,0.260
1.01E-04,0.240
1.01E-04,0.280
1.02E-04,0.280
1.02E-04,0.240
1.02E-04,0.240
1.02E-04,0.240
1.02E-04,0.240
1.03E-04,0.240
1.03E-04,0.240
1.03E-04,0.260
1.03E-04,0.220
1.03E-04,0.220
1.04E-04,0.220
1.04E-04,0.220
1.04E-04,0.220
1.04E-04,0.200
1.04E-04,0.180
1.05E-04,0.200
1.05E-04,0.180
1.05E-04,0.140
1.05E-04,0.160
1.05E-04,0.160
1.06E-04,0.180
1.06E-04,0.140
1.06E-04,0.160
1.06E-04,0.120
1.06E-04,0.120
1.07E-04,0.140
1.07E-04,0.120
1.07E-04,0.100
1.07E-04,0.100
1.07E-04,0.120
1.08E-04,0.060
1.08E-04,0.080
1.08E-04,0.080
1.08E-04,0.080
1.08E-04,0.080
1.09E-04,0.060
1.09E-04,0.080
1.09E-04,0.040
1.09E-04,0.040
1.09E-04,0.040
1.10E-04,0.040
1.10E-04,0.060
1.10E-04,0.000
1.10E-04,-0.020
1.10E-04,0.020
1.11E-04,0.000
1.11E-04,0.000
1.11E-04,0.000
1.11E-04,0.000
1.11E-04,-0.020
1.12E-04,-0.040
1.12E-04,-0.020
1.12E-04,-0.020
1.12E-04,-0.020
1.12E-04,-0.020
1.13E-04,-0.040
1.13E-04,-0.060
1.13E-04,-0.040
1.13E-04,-0.080
1.13E-04,-0.040
1.14E-04,-0.060
1.14E-04,-0.080
1.14E-04,-0.100
1.14E-04,-0.100
1.14E-04,-0.120
1.15E-04,-0.100
1.15E-04,-0.100
1.15E-04,-0.120
1.15E-04,-0.100
1.15E-04,-0.140
1.16E-04,-0.120
1.16E-04,-0.120
1.16E-04,-0.140
1.16E-04,-0.120
1.16E-04,-0.160
1.17E-04,-0.140
1.17E-04,-0.160
1.17E-04,-0.160
1.17E-04,-0.180
1.17E-04,-0.200
1.18E-04,-0.200
1.18E-04,-0.200
1.18E-04,-0.200
1.18E-04,-0.200
1.18E-04,-0.220
1.19E-04,-0.180
1.19E-04,-0.240
1.19E-04,-0.260
1.19E-04,-0.240
1.19E-04,-0.240
1.20E-04,-0.220
1.20E-04,-0.260
1.20E-04,-0.280
1.20E-04,-0.280
1.20E-04,-0.280
1.21E-04,-0.300
1.21E-04,-0.280
1.21E-04,-0.300
1.21E-04,-0.300
1.21E-04,-0.320
1.22E-04,-0.320
1.22E-04,-0.320
1.22E-04,-0.320
1.22E-04,-0.340
1.22E-04,-0.360
1.23E-04,-0.320
1.23E-04,-0.340
1.23E-04,-0.340
1.23E-04,-0.380
1.23E-04,-0.360
1.24E-04,-0.380
1.24E-04,-0.360
1.24E-04,-0.380
1.24E-04,-0.380
1.24E-04,-0.380
1.25E-04,-0.420
1.25E-04,-0.400
1.25E-04,-0.400
1.25E-04,-0.420
1.25E-04,-0.420
1.26E-04,-0.420
1.26E-04,-0.440
1.26E-04,-0.440
1.26E-04,-0.420
1.26E-04,-0.460
1.27E-04,-0.460
1.27E-04,-0.460
1.27E-04,-0.460
1.27E-04,-0.460
1.27E-04,-0.480
1.28E-04,-0.460
1.28E-04,-0.480
1.28E-04,-0.480
1.28E-04,-0.480
1.28E-04,-0.500
1.29E-04,-0.480
1.29E-04,-0.520
1.29E-04,-0.500
1.29E-04,-0.500
1.29E-04,-0.540
1.30E-04,-0.480
1.30E-04,-0.540
1.30E-04,-0.540
1.30E-04,-0.520
1.30E-04,-0.540
1.31E-04,-0.540
1.31E-04,-0.560
1.31E-04,-0.560
1.31E-04,-0.540
1.31E-04,-0.540
1.32E-04,-0.580
1.32E-04,-0.580
1.32E-04,-0.580
1.32E-04,-0.600
1.32E-04,-0.600
1.33E-04,-0.600
1.33E-04,-0.600
1.33E-04,-0.620
1.33E-04,-0.580
1.33E-04,-0.600
1.34E-04,-0.620
1.34E-04,-0.640
1.34E-04,-0.620
1.34E-04,-0.640
1.34E-04,-0.640
1.35E-04,-0.640
1.35E-04,-0.640
1.35E-04,-0.660
1.35E-04,-0.660
1.35E-04,-0.680
1.36E-04,-0.680
1.36E-04,-0.660
1.36E-04,-0.680
1.36E-04,-0.660
1.36E-04,-0.680
1.37E-04,-0.660
1.37E-04,-0.660
1.37E-04,-0.700
1.37E-04,-0.720
1.37E-04,-0.680
1.38E-04,-0.720
1.38E-04,-0.700
1.38E-04,-0.720
1.38E-04,-0.720
1.38E-04,-0.700
1.39E-04,-0.720
1.39E-04,-0.720
1.39E-04,-0.740
1.39E-04,-0.740
1.39E-04,-0.740
1.40E-04,-0.720
1.40E-04,-0.720
1.40E-04,-0.740
1.40E-04,-0.740
1.40E-04,-0.740
1.41E-04,-0.720
1.41E-04,-0.760
1.41E-04,-0.760
1.41E-04,-0.760
1.41E-04,-0.780
1.42E-04,-0.740
1.42E-04,-0.780
1.42E-04,-0.760
1.42E-04,-0.780
1.42E-04,-0.780
1.43E-04,-0.780
1.43E-04,-0.780
1.43E-04,-0.800
1.43E-04,-0.780
1.43E-04,-0.820
1.44E-04,-0.760
1.44E-04,-0.820
1.44E-04,-0.800
1.44E-04,-0.780
1.44E-04,-0.840
1.45E-04,-0.820
1.45E-04,-0.820
1.45E-04,-0.820
1.45E-04,-0.820
1.45E-04,-0.840
1.46E-04,-0.800
1.46E-04,-0.800
1.46E-04,-0.840
1.46E-04,-0.800
1.46E-04,-0.840
1.47E-04,-0.800
1.47E-04,-0.820
1.47E-04,-0.840
1.47E-04,-0.800
1.47E-04,-0.860
1.48E-04,-0.840
1.48E-04,-0.860
1.48E-04,-0.820
1.48E-04,-0.800
1.48E-04,-0.840
1.49E-04,-0.880
1.49E-04,-0.840
1.49E-04,-0.860
1.49E-04,-0.860
1.49E-04,-0.860
1.50E-04,-0.840
1.50E-04,-0.840
1.50E-04,-0.860
1.50E-04,-0.840
1.50E-04,-0.880
1.51E-04,-0.860
1.51E-04,-0.860
1.51E-04,-0.860
1.51E-04,-0.840
1.51E-04,-0.840
1.52E-04,-0.880
1.52E-04,-0.880
1.52E-04,-0.880
1.52E-04,-0.900
1.52E-04,-0.840
1.53E-04,-0.860
1.53E-04,-0.840
1.53E-04,-0.880
1.53E-04,-0.860
1.53E-04,-0.860
1.54E-04,-0.880
1.54E-04,-0.880
1.54E-04,-0.860
1.54E-04,-0.860
1.54E-04,-0.900
1.55E-04,-0.840
1.55E-04,-0.900
1.55E-04,-0.840
1.55E-04,-0.880
1.55E-04,-0.880
1.56E-04,-0.860
1.56E-04,-0.840
1.56E-04,-0.860
1.56E-04,-0.880
1.56E-04,-0.880
1.57E-04,-0.860
1.57E-04,-0.840
1.57E-04,-0.880
1.57E-04,-0.860
1.57E-04,-0.880
1.58E-04,-0.880
1.58E-04,-0.860
1.58E-04,-0.860
1.58E-04,-0.840
1.58E-04,-0.880
1.59E-04,-0.860
1.59E-04,-0.860
1.59E-04,-0.880
1.59E-04,-0.860
1.59E-04,-0.820
1.60E-04,-0.860
1.60E-04,-0.840
1.60E-04,-0.860
1.60E-04,-0.860
1.60E-04,-0.860
1.61E-04,-0.880
1.61E-04,-0.860
1.61E-04,-0.880
1.61E-04,-0.820
1.61E-04,-0.840
1.62E-04,-0.860
1.62E-04,-0.820
1.62E-04,-0.800
1.62E-04,-0.840
1.62E-04,-0.800
1.63E-04,-0.840
1.63E-04,-0.840
1.63E-04,-0.820
1.63E-04,-0.840
1.63E-04,-0.840
1.64E-04,-0.840
1.64E-04,-0.840
1.64E-04,-0.820
1.64E-04,-0.820
1.64E-04,-0.780
1.65E-04,-0.780
1.65E-04,-0.820
1.65E-04,-0.760
1.65E-04,-0.800
1.65E-04,-0.800
1.66E-04,-0.780
1.66E-04,-0.840
1.66E-04,-0.760
1.66E-04,-0.800
1.66E-04,-0.800
1.67E-04,-0.780
1.67E-04,-0.800
1.67E-04,-0.760
1.67E-04,-0.800
1.67E-04,-0.760
1.68E-04,-0.780
1.68E-04,-0.760
1.68E-04,-0.760
1.68E-04,-0.760
1.68E-04,-0.760
1.69E-04,-0.740
1.69E-04,-0.760
1.69E-04,-0.740
1.69E-04,-0.740
1.69E-04,-0.740
1.70E-04,-0.720
1.70E-04,-0.740
1.70E-04,-0.740
1.70E-04,-0.740
1.70E-04,-0.720
1.71E-04,-0.740
1.71E-04,-0.720
1.71E-04,-0.740
1.71E-04,-0.700
1.71E-04,-0.740
1.72E-04,-0.680
1.72E-04,-0.700
1.72E-04,-0.720
1.72E-04,-0.720
1.72E-04,-0.720
1.73E-04,-0.700
1.73E-04,-0.680
1.73E-04,-0.660
1.73E-04,-0.660
1.73E-04,-0.680
1.74E-04,-0.680
1.74E-04,-0.680
1.74E-04,-0.680
1.74E-04,-0.660
1.74E-04,-0.660
1.75E-04,-0.660
1.75E-04,-0.660
1.75E-04,-0.660
1.75E-04,-0.660
1.75E-04,-0.640
1.76E-04,-0.640
1.76E-04,-0.620
1.76E-04,-0.640
1.76E-04,-0.620
1.76E-04,-0.600
1.77E-04,-0.600
1.77E-04,-0.620
1.77E-04,-0.580
1.77E-04,-0.600
1.77E-04,-0.600
1.78E-04,-0.600
1.78E-04,-0.600
1.78E-04,-0.560
1.78E-04,-0.580
1.78E-04,-0.580
1.79E-04,-0.540
1.79E-04,-0.560
1.79E-04,-0.560
1.79E-04,-0.540
1.79E-04,-0.560
1.80E-04,-0.520
1.80E-04,-0.560
1.80E-04,-0.540
1.80E-04,-0.520
1.80E-04,-0.540
1.81E-04,-0.520
1.81E-04,-0.500
1.81E-04,-0.500
1.81E-04,-0.520
1.81E-04,-0.500
1.82E-04,-0.480
1.82E-04,-0.480
1.82E-04,-0.500
1.82E-04,-0.480
1.82E-04,-0.460
1.83E-04,-0.480
1.83E-04,-0.460
1.83E-04,-0.460
1.83E-04,-0.460
1.83E-04,-0.460
1.84E-04,-0.440
1.84E-04,-0.460
1.84E-04,-0.420
1.84E-04,-0.420
1.84E-04,-0.420
1.85E-04,-0.400
1.85E-04,-0.420
1.85E-04,-0.420
1.85E-04,-0.400
1.85E-04,-0.380
1.86E-04,-0.400
1.86E-04,-0.400
1.86E-04,-0.400
1.86E-04,-0.380
1.86E-04,-0.380
1.87E-04,-0.360
1.87E-04,-0.360
1.87E-04,-0.340
1.87E-04,-0.340
1.87E-04,-0.340
1.88E-04,-0.360
1.88E-04,-0.340
1.88E-04,-0.320
1.88E-04,-0.340
1.88E-04,-0.300
1.89E-04,-0.340
1.89E-04,-0.320
1.89E-04,-0.300
1.89E-04,-0.320
1.89E-04,-0.300
1.90E-04,-0.280
1.90E-04,-0.260
1.90E-04,-0.280
1.90E-04,-0.300
1.90E-04,-0.260
1.91E-04,-0.260
1.91E-04,-0.240
1.91E-04,-0.240
1.91E-04,-0.240
1.91E-04,-0.240
1.92E-04,-0.220
1.92E-04,-0.240
1.92E-04,-0.200
1.92E-04,-0.180
1.92E-04,-0.220
1.93E-04,-0.200
1.93E-04,-0.180
1.93E-04,-0.200
1.93E-04,-0.140
1.93E-04,-0.200
1.94E-04,-0.160
1.94E-04,-0.180
1.94E-04,-0.160
1.94E-04,-0.120
1.94E-04,-0.140
1.95E-04,-0.160
1.95E-04,-0.140
1.95E-04,-0.100
1.95E-04,-0.100
1.95E-04,-0.100
1.96E-04,-0.120
1.96E-04,-0.080
1.96E-04,-0.120
1.96E-04,-0.060
1.96E-04,-0.060
1.97E-04,-0.080
1.97E-04,-0.060
1.97E-04,-0.080
1.97E-04,-0.060
1.97E-04,-0.060
1.98E-04,-0.040
1.98E-04,-0.040
1.98E-04,-0.040
1.98E-04,-0.040
1.98E-04,0.000
1.99E-04,-0.020
1.99E-04,-0.020
1.99E-04,-0.020
1.99E-04,-0.020
1.99E-04,0.000
2.00E-04,0.000
2.00E-04,0.000
2.00E-04,0.020
2.00E-04,0.020
2.00E-04,0.020
2.01E-04,0.040
2.01E-04,0.060
2.01E-04,0.020
2.01E-04,0.060
2.01E-04,0.040
2.02E-04,0.060
2.02E-04,0.020
2.02E-04,0.060
2.02E-04,0.080
2.02E-04,0.060
2.03E-04,0.060
2.03E-04,0.080
2.03E-04,0.120
2.03E-04,0.080
2.03E-04,0.080
2.04E-04,0.120
2.04E-04,0.100
2.04E-04,0.120
2.04E-04,0.160
2.04E-04,0.120
2.05E-04,0.160
2.05E-04,0.140
2.05E-04,0.140
2.05E-04,0.180
2.05E-04,0.140
2.06E-04,0.180
2.06E-04,0.180
2.06E-04,0.160
2.06E-04,0.180
2.06E-04,0.200
2.07E-04,0.180
2.07E-04,0.220
2.07E-04,0.200
2.07E-04,0.240
2.07E-04,0.200
2.08E-04,0.240
2.08E-04,0.240
2.08E-04,0.240
2.08E-04,0.260
2.08E-04,0.260
2.09E-04,0.240
2.09E-04,0.280
2.09E-04,0.260
2.09E-04,0.260
2.09E-04,0.260
2.10E-04,0.280
2.10E-04,0.260
2.10E-04,0.300
2.10E-04,0.280
2.10E-04,0.320
2.11E-04,0.280
2.11E-04,0.320
2.11E-04,0.320
2.11E-04,0.340
2.11E-04,0.320
2.12E-04,0.320
2.12E-04,0.300
2.12E-04,0.320
2.12E-04,0.340
2.12E-04,0.340
2.13E-04,0.360
2.13E-04,0.340
2.13E-04,0.400
2.13E-04,0.360
2.13E-04,0.360
2.14E-04,0.360
2.14E-04,0.360
2.14E-04,0.380
2.14E-04,0.380
2.14E-04,0.380
2.15E-04,0.380
2.15E-04,0.420
2.15E-04,0.400
2.15E-04,0.400
2.15E-04,0.420
2.16E-04,0.440
2.16E-04,0.420
2.16E-04,0.420
2.16E-04,0.440
2.16E-04,0.420
2.17E-04,0.460
2.17E-04,0.440
2.17E-04,0.460
2.17E-04,0.460
2.17E-04,0.440
2.18E-04,0.480
2.18E-04,0.480
2.18E-04,0.480
2.18E-04,0.480
2.18E-04,0.500
2.19E-04,0.500
2.19E-04,0.480
2.19E-04,0.500
2.19E-04,0.480
2.19E-04,0.500
2.20E-04,0.520
2.20E-04,0.500
2.20E-04,0.520
2.20E-04,0.540
2.20E-04,0.540
2.21E-04,0.500
2.21E-04,0.540
2.21E-04,0.540
2.21E-04,0.520
2.21E-04,0.540
2.22E-04,0.540
2.22E-04,0.560
2.22E-04,0.560
2.22E-04,0.560
2.22E-04,0.580
2.23E-04,0.540
2.23E-04,0.560
2.23E-04,0.560
2.23E-04,0.560
2.23E-04,0.580
2.24E-04,0.580
2.24E-04,0.580
2.24E-04,0.600
2.24E-04,0.600
2.24E-04,0.580
2.25E-04,0.600
2.25E-04,0.600
2.25E-04,0.600
2.25E-04,0.620
2.25E-04,0.620
2.26E-04,0.600
2.26E-04,0.600
2.26E-04,0.620
2.26E-04,0.640
2.26E-04,0.620
2.27E-04,0.640
2.27E-04,0.660
2.27E-04,0.620
2.27E-04,0.640
2.27E-04,0.620
2.28E-04,0.640
2.28E-04,0.640
2.28E-04,0.640
2.28E-04,0.660
2.28E-04,0.660
2.29E-04,0.660
2.29E-04,0.680
2.29E-04,0.680
2.29E-04,0.660
2.29E-04,0.700
2.30E-04,0.660
2.30E-04,0.700
2.30E-04,0.680
2.30E-04,0.680
2.30E-04,0.700
2.31E-04,0.700
2.31E-04,0.700
2.31E-04,0.700
2.31E-04,0.700
2.31E-04,0.700
2.32E-04,0.700
2.32E-04,0.700
2.32E-04,0.720
2.32E-04,0.720
2.32E-04,0.740
2.33E-04,0.700
2.33E-04,0.740
2.33E-04,0.760
2.33E-04,0.720
2.33E-04,0.740
2.34E-04,0.740
2.34E-04,0.740
2.34E-04,0.740
2.34E-04,0.740
2.34E-04,0.740
2.35E-04,0.760
2.35E-04,0.760
2.35E-04,0.760
2.35E-04,0.760
2.35E-04,0.740
2.36E-04,0.740
2.36E-04,0.760
2.36E-04,0.760
2.36E-04,0.760
2.36E-04,0.760
2.37E-04,0.760
2.37E-04,0.760
2.37E-04,0.740
2.37E-04,0.780
2.37E-04,0.760
2.38E-04,0.780
2.38E-04,0.800
2.38E-04,0.800
2.38E-04,0.820
2.38E-04,0.740
2.39E-04,0.780
2.39E-04,0.780
2.39E-04,0.800
2.39E-04,0.760
2.39E-04,0.800
2.40E-04,0.780
2.40E-04,0.800
2.40E-04,0.780
2.40E-04,0.800
2.40E-04,0.820
2.41E-04,0.820
2.41E-04,0.800
2.41E-04,0.780
2.41E-04,0.820
2.41E-04,0.840
2.42E-04,0.780
2.42E-04,0.800
2.42E-04,0.840
2.42E-04,0.800
2.42E-04,0.800
2.43E-04,0.820
2.43E-04,0.800
2.43E-04,0.820
2.43E-04,0.820
2.43E-04,0.840
2.44E-04,0.820
2.44E-04,0.840
2.44E-04,0.800
2.44E-04,0.780
2.44E-04,0.820
2.45E-04,0.840
2.45E-04,0.840
2.45E-04,0.800
2.45E-04,0.820
2.45E-04,0.840
2.46E-04,0.820
2.46E-04,0.860
2.46E-04,0.840
2.46E-04,0.820
2.46E-04,0.800
2.47E-04,0.820
2.47E-04,0.860
2.47E-04,0.820
2.47E-04,0.840
2.47E-04,0.840
2.48E-04,0.840
2.48E-04,0.820
2.48E-04,0.800
2.48E-04,0.820
2.48E-04,0.820
2.49E-04,0.840
2.49E-04,0.860
2.49E-04,0.840
2.49E-04,0.860
2.49E-04,0.820
2.50E-04,0.800
2.50E-04,0.840
2.50E-04,0.840
2.50E-04,0.860
2.50E-04,0.840
2.51E-04,0.840
2.51E-04,0.860
2.51E-04,0.860
2.51E-04,0.840
2.51E-04,0.860
2.52E-04,0.840
2.52E-04,0.840
2.52E-04,0.860
2.52E-04,0.840
2.52E-04,0.880
2.53E-04,0.840
2.53E-04,0.840
2.53E-04,0.860
2.53E-04,0.860
2.53E-04,0.840
2.54E-04,0.860
2.54E-04,0.860
2.54E-04,0.860
2.54E-04,0.840
2.54E-04,0.860
2.55E-04,0.880
2.55E-04,0.820
2.55E-04,0.860
2.55E-04,0.860
2.55E-04,0.840
2.56E-04,0.820
2.56E-04,0.840
2.56E-04,0.860
2.56E-04,0.880
2.56E-04,0.840
2.57E-04,0.820
2.57E-04,0.820
2.57E-04,0.860
2.57E-04,0.820
2.57E-04,0.840
2.58E-04,0.880
2.58E-04,0.880
2.58E-04,0.860
2.58E-04,0.860
2.58E-04,0.860
2.59E-04,0.860
2.59E-04,0.840
2.59E-04,0.820
2.59E-04,0.840
2.59E-04,0.860
2.60E-04,0.840
2.60E-04,0.820
2.60E-04,0.840
2.60E-04,0.860
2.60E-04,0.840
2.61E-04,0.840
2.61E-04,0.840
2.61E-04,0.860
2.61E-04,0.820
2.61E-04,0.820
2.62E-04,0.840
2.62E-04,0.800
2.62E-04,0.820
2.62E-04,0.860
2.62E-04,0.820
2.63E-04,0.860
2.63E-04,0.800
2.63E-04,0.800
2.63E-04,0.820
2.63E-04,0.840
2.64E-04,0.820
2.64E-04,0.820
2.64E-04,0.840
2.64E-04,0.820
2.64E-04,0.800
2.65E-04,0.820
2.65E-04,0.840
2.65E-04,0.820
2.65E-04,0.800
2.65E-04,0.820
2.66E-04,0.840
2.66E-04,0.840
2.66E-04,0.800
2.66E-04,0.800
2.66E-04,0.800
2.67E-04,0.820
2.67E-04,0.800
2.67E-04,0.780
2.67E-04,0.800
2.67E-04,0.800
2.68E-04,0.780
2.68E-04,0.820
2.68E-04,0.800
2.68E-04,0.800
2.68E-04,0.780
2.69E-04,0.780
2.69E-04,0.780
2.69E-04,0.800
2.69E-04,0.780
2.69E-04,0.800
2.70E-04,0.760
2.70E-04,0.780
2.70E-04,0.760
2.70E-04,0.760
2.70E-04,0.780
2.71E-04,0.800
2.71E-04,0.740
2.71E-04,0.780
2.71E-04,0.760
2.71E-04,0.760
2.72E-04,0.780
2.72E-04,0.740
2.72E-04,0.780
2.72E-04,0.780
2.72E-04,0.780
2.73E-04,0.720
2.73E-04,0.740
2.73E-04,0.740
2.73E-04,0.720
2.73E-04,0.760
2.74E-04,0.740
2.74E-04,0.740
2.74E-04,0.760
2.74E-04,0.760
2.74E-04,0.720
2.75E-04,0.720
2.75E-04,0.720
2.75E-04,0.720
2.75E-04,0.740
2.75E-04,0.720
2.76E-04,0.700
2.76E-04,0.720
2.76E-04,0.700
2.76E-04,0.700
2.76E-04,0.700
2.77E-04,0.700
2.77E-04,0.700
2.77E-04,0.680
2.77E-04,0.680
2.77E-04,0.680
2.78E-04,0.680
2.78E-04,0.680
2.78E-04,0.680
2.78E-04,0.700
2.78E-04,0.700
2.79E-04,0.680
2.79E-04,0.680
2.79E-04,0.660
2.79E-04,0.660
2.79E-04,0.660
2.80E-04,0.660
2.80E-04,0.640
2.80E-04,0.640
2.80E-04,0.640
2.80E-04,0.640
2.81E-04,0.620
2.81E-04,0.640
2.81E-04,0.660
2.81E-04,0.600
2.81E-04,0.660
2.82E-04,0.600
2.82E-04,0.620
2.82E-04,0.600
2.82E-04,0.620
2.82E-04,0.620
2.83E-04,0.600
2.83E-04,0.560
2.83E-04,0.600
2.83E-04,0.620
2.83E-04,0.580
2.84E-04,0.600
2.84E-04,0.580
2.84E-04,0.580
2.84E-04,0.580
2.84E-04,0.580
2.85E-04,0.560
2.85E-04,0.560
2.85E-04,0.540
2.85E-04,0.580
2.85E-04,0.560
2.86E-04,0.540
2.86E-04,0.560
2.86E-04,0.540
2.86E-04,0.540
2.86E-04,0.520
2.87E-04,0.500
2.87E-04,0.540
2.87E-04,0.520
2.87E-04,0.520
2.87E-04,0.520
2.88E-04,0.500
2.88E-04,0.480
2.88E-04,0.500
2.88E-04,0.500
2.88E-04,0.480
2.89E-04,0.480
2.89E-04,0.480
2.89E-04,0.500
2.89E-04,0.480
2.89E-04,0.480
2.90E-04,0.460
2.90E-04,0.440
2.90E-04,0.440
2.90E-04,0.420
2.90E-04,0.440
2.91E-04,0.440
2.91E-04,0.420
2.91E-04,0.440
2.91E-04,0.420
2.91E-04,0.420
2.92E-04,0.420
2.92E-04,0.400
2.92E-04,0.400
2.92E-04,0.420
2.92E-04,0.400
2.93E-04,0.380
2.93E-04,0.380
2.93E-04,0.380
2.93E-04,0.400
2.93E-04,0.360
2.94E-04,0.380
2.94E-04,0.380
2.94E-04,0.360
2.94E-04,0.360
2.94E-04,0.340
2.95E-04,0.320
2.95E-04,0.340
2.95E-04,0.320
2.95E-04,0.320
2.95E-04,0.320
2.96E-04,0.320
2.96E-04,0.320
2.96E-04,0.300
2.96E-04,0.300
2.96E-04,0.300
2.97E-04,0.280
2.97E-04,0.300
2.97E-04,0.280
2.97E-04,0.240
2.97E-04,0.260
2.98E-04,0.240
2.98E-04,0.260
2.98E-04,0.280
2.98E-04,0.240
2.98E-04,0.260
2.99E-04,0.240
2.99E-04,0.240
2.99E-04,0.240
2.99E-04,0.220
2.99E-04,0.220
3.00E-04,0.220
3.00E-04,0.200
3.00E-04,0.180
3.00E-04,0.200
3.00E-04,0.200
3.01E-04,0.200
3.01E-04,0.140
3.01E-04,0.160
3.01E-04,0.160
3.01E-04,0.140
3.02E-04,0.180
3.02E-04,0.140
3.02E-04,0.100
3.02E-04,0.120
3.02E-04,0.140
3.03E-04,0.120
3.03E-04,0.140
3.03E-04,0.120
3.03E-04,0.080
3.03E-04,0.100
3.04E-04,0.080
3.04E-04,0.080
3.04E-04,0.080
3.04E-04,0.080
3.04E-04,0.080
3.05E-04,0.080
3.05E-04,0.040
3.05E-04,0.040
3.05E-04,0.040
3.05E-04,0.020
3.06E-04,0.020
3.06E-04,0.020
3.06E-04,0.040
3.06E-04,0.000
3.06E-04,0.040
3.07E-04,-0.020
3.07E-04,0.000
3.07E-04,0.000
3.07E-04,0.000
3.07E-04,-0.020
3.08E-04,-0.040
3.08E-04,-0.020
3.08E-04,-0.040
3.08E-04,-0.040
3.08E-04,-0.020
3.09E-04,-0.040
3.09E-04,-0.040
3.09E-04,-0.060
3.09E-04,-0.060
3.09E-04,-0.060
3.10E-04,-0.080
3.10E-04,-0.080
3.10E-04,-0.120
3.10E-04,-0.080
3.10E-04,-0.080
3.11E-04,-0.100
3.11E-04,-0.100
3.11E-04,-0.140
3.11E-04,-0.120
3.11E-04,-0.140
3.12E-04,-0.160
3.12E-04,-0.140
3.12E-04,-0.120
3.12E-04,-0.140
3.12E-04,-0.160
3.13E-04,-0.160
3.13E-04,-0.180
3.13E-04,-0.180
3.13E-04,-0.180
3.13E-04,-0.180
3.14E-04,-0.180
3.14E-04,-0.200
3.14E-04,-0.180
3.14E-04,-0.220
3.14E-04,-0.180
3.15E-04,-0.220
3.15E-04,-0.240
3.15E-04,-0.240
3.15E-04,-0.240
3.15E-04,-0.240
3.16E-04,-0.240
3.16E-04,-0.260
3.16E-04,-0.220
3.16E-04,-0.280
3.16E-04,-0.260
3.17E-04,-0.300
3.17E-04,-0.320
3.17E-04,-0.300
3.17E-04,-0.280
3.17E-04,-0.300
3.18E-04,-0.300
3.18E-04,-0.340
3.18E-04,-0.340
3.18E-04,-0.300
3.18E-04,-0.320
3.19E-04,-0.320
3.19E-04,-0.340
3.19E-04,-0.340
3.19E-04,-0.360
3.19E-04,-0.380
3.20E-04,-0.360
3.20E-04,-0.380
3.20E-04,-0.360
3.20E-04,-0.380
3.20E-04,-0.400
3.21E-04,-0.400
3.21E-04,-0.380
3.21E-04,-0.400
3.21E-04,-0.420
3.21E-04,-0.400
3.22E-04,-0.440
3.22E-04,-0.440
3.22E-04,-0.400
3.22E-04,-0.460
3.22E-04,-0.440
3.23E-04,-0.440
3.23E-04,-0.460
3.23E-04,-0.440
3.23E-04,-0.480
3.23E-04,-0.440
3.24E-04,-0.500
3.24E-04,-0.480
3.24E-04,-0.460
3.24E-04,-0.500
3.24E-04,-0.460
3.25E-04,-0.500
3.25E-04,-0.500
3.25E-04,-0.520
3.25E-04,-0.520
3.25E-04,-0.520
3.26E-04,-0.480
3.26E-04,-0.520
3.26E-04,-0.540
3.26E-04,-0.540
3.26E-04,-0.560
3.27E-04,-0.560
3.27E-04,-0.560
3.27E-04,-0.560
3.27E-04,-0.560
3.27E-04,-0.540
3.28E-04,-0.560
3.28E-04,-0.560
3.28E-04,-0.580
3.28E-04,-0.600
3.28E-04,-0.580
3.29E-04,-0.600
3.29E-04,-0.560
3.29E-04,-0.600
3.29E-04,-0.620
3.29E-04,-0.600
3.30E-04,-0.660
3.30E-04,-0.600
3.30E-04,-0.600
3.30E-04,-0.660
3.30E-04,-0.640
3.31E-04,-0.640
3.31E-04,-0.640
3.31E-04,-0.620
3.31E-04,-0.660
3.31E-04,-0.660
3.32E-04,-0.660
3.32E-04,-0.720
3.32E-04,-0.660
3.32E-04,-0.680
3.32E-04,-0.680
3.33E-04,-0.680
3.33E-04,-0.700
3.33E-04,-0.680
3.33E-04,-0.700
3.33E-04,-0.720
3.34E-04,-0.680
3.34E-04,-0.720
3.34E-04,-0.720
3.34E-04,-0.700
3.34E-04,-0.740
3.35E-04,-0.700
3.35E-04,-0.720
3.35E-04,-0.740
3.35E-04,-0.740
3.35E-04,-0.720
3.36E-04,-0.720
3.36E-04,-0.720
3.36E-04,-0.740
3.36E-04,-0.740
3.36E-04,-0.740
3.37E-04,-0.740
3.37E-04,-0.780
3.37E-04,-0.720
3.37E-04,-0.780
3.37E-04,-0.760
3.38E-04,-0.780
3.38E-04,-0.780
3.38E-04,-0.780
3.38E-04,-0.760
3.38E-04,-0.760
3.39E-04,-0.780
3.39E-04,-0.780
3.39E-04,-0.760
3.39E-04,-0.800
3.39E-04,-0.780
3.40E-04,-0.780
3.40E-04,-0.800
3.40E-04,-0.760
3.40E-04,-0.820
3.40E-04,-0.780
3.41E-04,-0.800
3.41E-04,-0.800
3.41E-04,-0.800
3.41E-04,-0.820
3.41E-04,-0.800
3.42E-04,-0.820
3.42E-04,-0.840
3.42E-04,-0.840
3.42E-04,-0.800
3.42E-04,-0.780
3.43E-04,-0.800
3.43E-04,-0.840
3.43E-04,-0.840
3.43E-04,-0.840
3.43E-04,-0.860
3.44E-04,-0.820
3.44E-04,-0.820
3.44E-04,-0.840
3.44E-04,-0.860
3.44E-04,-0.820
3.45E-04,-0.860
3.45E-04,-0.860
3.45E-04,-0.840
3.45E-04,-0.820
3.45E-04,-0.820
3.46E-04,-0.840
3.46E-04,-0.840
3.46E-04,-0.820
3.46E-04,-0.840
3.46E-04,-0.840
3.47E-04,-0.880
3.47E-04,-0.860
3.47E-04,-0.820
3.47E-04,-0.840
3.47E-04,-0.860
3.48E-04,-0.820
3.48E-04,-0.860
3.48E-04,-0.880
3.48E-04,-0.860
3.48E-04,-0.900
3.49E-04,-0.860
3.49E-04,-0.860
3.49E-04,-0.860
3.49E-04,-0.860
3.49E-04,-0.900
3.50E-04,-0.840
3.50E-04,-0.880
3.50E-04,-0.900
3.50E-04,-0.840
3.50E-04,-0.880
3.51E-04,-0.880
3.51E-04,-0.860
3.51E-04,-0.860
3.51E-04,-0.860
3.51E-04,-0.840
3.52E-04,-0.860
3.52E-04,-0.860
3.52E-04,-0.860
3.52E-04,-0.900
3.52E-04,-0.840
3.53E-04,-0.860
3.53E-04,-0.860
3.53E-04,-0.880
3.53E-04,-0.900
3.53E-04,-0.820
3.54E-04,-0.840
3.54E-04,-0.840
3.54E-04,-0.880
3.54E-04,-0.900
3.54E-04,-0.840
3.55E-04,-0.840
3.55E-04,-0.880
3.55E-04,-0.860
3.55E-04,-0.840
3.55E-04,-0.860
3.56E-04,-0.860
3.56E-04,-0.860
3.56E-04,-0.880
3.56E-04,-0.840
3.56E-04,-0.840
3.57E-04,-0.840
3.57E-04,-0.880
3.57E-04,-0.840
3.57E-04,-0.800
3.57E-04,-0.860
3.58E-04,-0.800
3.58E-04,-0.860
3.58E-04,-0.820
3.58E-04,-0.840
3.58E-04,-0.840
3.59E-04,-0.840
3.59E-04,-0.820
3.59E-04,-0.820
3.59E-04,-0.840
3.59E-04,-0.840
3.60E-04,-0.800
3.60E-04,-0.800
3.60E-04,-0.820
3.60E-04,-0.840
3.60E-04,-0.780
3.61E-04,-0.820
3.61E-04,-0.820
3.61E-04,-0.800
3.61E-04,-0.820
3.61E-04,-0.780
3.62E-04,-0.820
3.62E-04,-0.800
3.62E-04,-0.780
3.62E-04,-0.800
3.62E-04,-0.780
3.63E-04,-0.800
3.63E-04,-0.760
3.63E-04,-0.800
3.63E-04,-0.740
3.63E-04,-0.800
3.64E-04,-0.780
3.64E-04,-0.740
3.64E-04,-0.760
3.64E-04,-0.760
3.64E-04,-0.760
3.65E-04,-0.760
3.65E-04,-0.740
3.65E-04,-0.740
3.65E-04,-0.740
3.65E-04,-0.720
3.66E-04,-0.760
3.66E-04,-0.720
3.66E-04,-0.780
3.66E-04,-0.720
3.66E-04,-0.740
3.67E-04,-0.740
3.67E-04,-0.720
3.67E-04,-0.720
3.67E-04,-0.720
3.67E-04,-0.720
3.68E-04,-0.720
3.68E-04,-0.720
3.68E-04,-0.700
3.68E-04,-0.720
3.68E-04,-0.700
3.69E-04,-0.720
3.69E-04,-0.720
3.69E-04,-0.720
3.69E-04,-0.680
3.69E-04,-0.680
3.70E-04,-0.660
3.70E-04,-0.700
3.70E-04,-0.660
3.70E-04,-0.680
3.70E-04,-0.660
3.71E-04,-0.660
3.71E-04,-0.660
3.71E-04,-0.660
3.71E-04,-0.640
3.71E-04,-0.660
3.72E-04,-0.640
3.72E-04,-0.640
3.72E-04,-0.640
3.72E-04,-0.640
3.72E-04,-0.620
3.73E-04,-0.600
3.73E-04,-0.620
3.73E-04,-0.620
3.73E-04,-0.620
3.73E-04,-0.600
3.74E-04,-0.600
3.74E-04,-0.600
3.74E-04,-0.600
3.74E-04,-0.580
3.74E-04,-0.560
3.75E-04,-0.580
3.75E-04,-0.540
3.75E-04,-0.560
3.75E-04,-0.520
3.75E-04,-0.540
3.76E-04,-0.540
3.76E-04,-0.540
3.76E-04,-0.560
3.76E-04,-0.520
3.76E-04,-0.540
3.77E-04,-0.500
3.77E-04,-0.520
3.77E-04,-0.520
3.77E-04,-0.520
3.77E-04,-0.500
3.78E-04,-0.520
3.78E-04,-0.500
3.78E-04,-0.500
3.78E-04,-0.500
3.78E-04,-0.500
3.79E-04,-0.460
3.79E-04,-0.480
3.79E-04,-0.480
3.79E-04,-0.460
3.79E-04,-0.460
3.80E-04,-0.440
3.80E-04,-0.440
3.80E-04,-0.440
3.80E-04,-0.420
3.80E-04,-0.440
3.81E-04,-0.420
3.81E-04,-0.420
3.81E-04,-0.420
3.81E-04,-0.400
3.81E-04,-0.400
3.82E-04,-0.400
3.82E-04,-0.400
3.82E-04,-0.380
3.82E-04,-0.400
3.82E-04,-0.380
3.83E-04,-0.380
3.83E-04,-0.360
3.83E-04,-0.360
3.83E-04,-0.360
3.83E-04,-0.320
3.84E-04,-0.360
3.84E-04,-0.340
3.84E-04,-0.340
3.84E-04,-0.320
3.84E-04,-0.320
3.85E-04,-0.340
3.85E-04,-0.300
3.85E-04,-0.300
3.85E-04,-0.320
3.85E-04,-0.300
3.86E-04,-0.280
3.86E-04,-0.280
3.86E-04,-0.280
3.86E-04,-0.260
3.86E-04,-0.240
3.87E-04,-0.260
3.87E-04,-0.240
3.87E-04,-0.240
3.87E-04,-0.240
3.87E-04,-0.240
3.88E-04,-0.200
3.88E-04,-0.220
3.88E-04,-0.240
3.88E-04,-0.220
3.88E-04,-0.200
3.89E-04,-0.200
3.89E-04,-0.200
3.89E-04,-0.220
3.89E-04,-0.180
3.89E-04,-0.140
3.90E-04,-0.140
3.90E-04,-0.160
3.90E-04,-0.180
3.90E-04,-0.180
3.90E-04,-0.120
3.91E-04,-0.140
3.91E-04,-0.140
3.91E-04,-0.140
3.91E-04,-0.140
3.91E-04,-0.120
3.92E-04,-0.140
3.92E-04,-0.120
3.92E-04,-0.080
3.92E-04,-0.080
3.92E-04,-0.080
3.93E-04,-0.080
3.93E-04,-0.080
3.93E-04,-0.060
3.93E-04,-0.080
3.93E-04,-0.060
3.94E-04,-0.040
3.94E-04,-0.060
3.94E-04,-0.040
3.94E-04,-0.060
3.94E-04,-0.020
3.95E-04,-0.020
3.95E-04,-0.040
3.95E-04,-0.020
3.95E-04,0.000
3.95E-04,-0.020
3.96E-04,-0.020
3.96E-04,0.000
3.96E-04,0.000
3.96E-04,0.020
3.96E-04,0.020
3.97E-04,0.020
3.97E-04,0.040
3.97E-04,0.040
3.97E-04,0.040
3.97E-04,0.060
3.98E-04,0.060
3.98E-04,0.020
3.98E-04,0.080
3.98E-04,0.080
3.98E-04,0.080
3.99E-04,0.080
3.99E-04,0.100
3.99E-04,0.080
3.99E-04,0.120
3.99E-04,0.080
4.00E-04,0.120
4.00E-04,0.140
4.00E-04,0.140
4.00E-04,0.120
4.00E-04,0.100
4.01E-04,0.140
4.01E-04,0.140
4.01E-04,0.140
4.01E-04,0.120
4.01E-04,0.160
4.02E-04,0.160
4.02E-04,0.160
4.02E-04,0.160
4.02E-04,0.180
4.02E-04,0.180
4.03E-04,0.180
4.03E-04,0.220
4.03E-04,0.180
4.03E-04,0.200
4.03E-04,0.220
4.04E-04,0.180
4.04E-04,0.220
4.04E-04,0.240
4.04E-04,0.220
4.04E-04,0.260
4.05E-04,0.260
4.05E-04,0.240
4.05E-04,0.280
4.05E-04,0.240
4.05E-04,0.240
4.06E-04,0.260
4.06E-04,0.280
4.06E-04,0.280
4.06E-04,0.300
4.06E-04,0.280
4.07E-04,0.320
4.07E-04,0.300
4.07E-04,0.320
4.07E-04,0.320
4.07E-04,0.300
4.08E-04,0.340
4.08E-04,0.320
4.08E-04,0.340
4.08E-04,0.320
4.08E-04,0.320
4.09E-04,0.340
4.09E-04,0.360
4.09E-04,0.340
4.09E-04,0.380
4.09E-04,0.360
4.10E-04,0.360
4.10E-04,0.380
4.10E-04,0.360
4.10E-04,0.380
4.10E-04,0.400
4.11E-04,0.400
4.11E-04,0.420
4.11E-04,0.400
4.11E-04,0.400
4.11E-04,0.420
4.12E-04,0.420
4.12E-04,0.420
4.12E-04,0.420
4.12E-04,0.420
4.12E-04,0.420
4.13E-04,0.440
4.13E-04,0.460
4.13E-04,0.420
4.13E-04,0.440
4.13E-04,0.480
4.14E-04,0.480
4.14E-04,0.460
4.14E-04,0.480
4.14E-04,0.480
4.14E-04,0.480
4.15E-04,0.480
4.15E-04,0.500
4.15E-04,0.500
4.15E-04,0.500
4.15E-04,0.500
4.16E-04,0.480
4.16E-04,0.500
4.16E-04,0.520
4.16E-04,0.520
4.16E-04,0.540
4.17E-04,0.520
4.17E-04,0.520
4.17E-04,0.520
4.17E-04,0.520
4.17E-04,0.520
4.18E-04,0.540
4.18E-04,0.520
4.18E-04,0.540
4.18E-04,0.560
4.18E-04,0.580
4.19E-04,0.580
4.19E-04,0.560
4.19E-04,0.560
4.19E-04,0.580
4.19E-04,0.580
4.20E-04,0.580
4.20E-04,0.560
4.20E-04,0.580
4.20E-04,0.560
4.20E-04,0.580
4.21E-04,0.600
4.21E-04,0.600
4.21E-04,0.620
4.21E-04,0.620
4.21E-04,0.620
4.22E-04,0.620
4.22E-04,0.640
4.22E-04,0.620
4.22E-04,0.640
4.22E-04,0.660
4.23E-04,0.660
4.23E-04,0.640
4.23E-04,0.640
4.23E-04,0.640
4.23E-04,0.660
4.24E-04,0.640
4.24E-04,0.660
4.24E-04,0.660
4.24E-04,0.660
4.24E-04,0.660
4.25E-04,0.660
4.25E-04,0.660
4.25E-04,0.640
4.25E-04,0.660
4.25E-04,0.680
4.26E-04,0.700
4.26E-04,0.700
4.26E-04,0.680
4.26E-04,0.680
4.26E-04,0.680
4.27E-04,0.700
4.27E-04,0.680
4.27E-04,0.700
4.27E-04,0.680
4.27E-04,0.680
4.28E-04,0.700
4.28E-04,0.700
4.28E-04,0.700
4.28E-04,0.720
4.28E-04,0.700
4.29E-04,0.740
4.29E-04,0.720
4.29E-04,0.720
4.29E-04,0.720
4.29E-04,0.740
4.30E-04,0.740
4.30E-04,0.740
4.30E-04,0.740
4.30E-04,0.740
4.30E-04,0.740
4.31E-04,0.760
4.31E-04,0.720
4.31E-04,0.740
4.31E-04,0.760
4.31E-04,0.740
4.32E-04,0.740
4.32E-04,0.760
4.32E-04,0.740
4.32E-04,0.780
4.32E-04,0.760
4.33E-04,0.780
4.33E-04,0.780
4.33E-04,0.780
4.33E-04,0.800
4.33E-04,0.760
4.34E-04,0.760
4.34E-04,0.780
4.34E-04,0.780
4.34E-04,0.780
4.34E-04,0.800
4.35E-04,0.780
4.35E-04,0.820
4.35E-04,0.780
4.35E-04,0.800
4.35E-04,0.800
4.36E-04,0.800
4.36E-04,0.820
4.36E-04,0.760
4.36E-04,0.800
4.36E-04,0.800
4.37E-04,0.820
4.37E-04,0.780
4.37E-04,0.780
4.37E-04,0.800
4.37E-04,0.800
4.38E-04,0.820
4.38E-04,0.840
4.38E-04,0.840
4.38E-04,0.820
4.38E-04,0.780
4.39E-04,0.780
4.39E-04,0.820
4.39E-04,0.840
4.39E-04,0.840
4.39E-04,0.800
4.40E-04,0.800
4.40E-04,0.820
4.40E-04,0.800
4.40E-04,0.820
4.40E-04,0.840
4.41E-04,0.820
4.41E-04,0.820
4.41E-04,0.800
4.41E-04,0.820
4.41E-04,0.800
4.42E-04,0.820
4.42E-04,0.820
4.42E-04,0.840
4.42E-04,0.840
4.42E-04,0.820
4.43E-04,0.840
4.43E-04,0.840
4.43E-04,0.840
4.43E-04,0.840
4.43E-04,0.820
4.44E-04,0.860
4.44E-04,0.840
4.44E-04,0.860
4.44E-04,0.800
4.44E-04,0.820
4.45E-04,0.840
4.45E-04,0.820
4.45E-04,0.840
4.45E-04,0.820
4.45E-04,0.820
4.46E-04,0.840
4.46E-04,0.860
4.46E-04,0.820
4.46E-04,0.820
4.46E-04,0.840
4.47E-04,0.840
4.47E-04,0.840
4.47E-04,0.880
4.47E-04,0.860
4.47E-04,0.860
4.48E-04,0.840
4.48E-04,0.840
4.48E-04,0.860
4.48E-04,0.840
4.48E-04,0.880
4.49E-04,0.840
4.49E-04,0.820
4.49E-04,0.840
4.49E-04,0.820
4.49E-04,0.840
4.50E-04,0.860
4.50E-04,0.840
4.50E-04,0.880
4.50E-04,0.860
4.50E-04,0.820
4.51E-04,0.840
4.51E-04,0.840
4.51E-04,0.820
4.51E-04,0.860
4.51E-04,0.840
4.52E-04,0.840
4.52E-04,0.860
4.52E-04,0.820
4.52E-04,0.880
4.52E-04,0.840
4.53E-04,0.820
4.53E-04,0.860
4.53E-04,0.840
4.53E-04,0.880
4.53E-04,0.840
4.54E-04,0.880
4.54E-04,0.840
4.54E-04,0.820
4.54E-04,0.840
4.54E-04,0.820
4.55E-04,0.840
4.55E-04,0.820
4.55E-04,0.840
4.55E-04,0.860
4.55E-04,0.860
4.56E-04,0.840
4.56E-04,0.840
4.56E-04,0.840
4.56E-04,0.860
4.56E-04,0.840
4.57E-04,0.820
4.57E-04,0.840
4.57E-04,0.860
4.57E-04,0.860
4.57E-04,0.800
4.58E-04,0.820
4.58E-04,0.840
4.58E-04,0.800
4.58E-04,0.840
4.58E-04,0.840
4.59E-04,0.820
4.59E-04,0.840
4.59E-04,0.820
4.59E-04,0.820
4.59E-04,0.820
4.60E-04,0.820
4.60E-04,0.820
4.60E-04,0.820
4.60E-04,0.840
4.60E-04,0.820
4.61E-04,0.800
4.61E-04,0.820
4.61E-04,0.820
4.61E-04,0.840
4.61E-04,0.820
4.62E-04,0.820
4.62E-04,0.820
4.62E-04,0.820
4.62E-04,0.820
4.62E-04,0.840
4.63E-04,0.820
4.63E-04,0.800
4.63E-04,0.780
4.63E-04,0.820
4.63E-04,0.820
4.64E-04,0.780
4.64E-04,0.800
4.64E-04,0.800
4.64E-04,0.800
4.64E-04,0.780
4.65E-04,0.780
4.65E-04,0.780
4.65E-04,0.780
4.65E-04,0.780
4.65E-04,0.780
4.66E-04,0.780
4.66E-04,0.760
4.66E-04,0.780
4.66E-04,0.780
4.66E-04,0.780
4.67E-04,0.800
4.67E-04,0.760
4.67E-04,0.760
4.67E-04,0.760
4.67E-04,0.740
4.68E-04,0.780
4.68E-04,0.780
4.68E-04,0.800
4.68E-04,0.780
4.68E-04,0.740
4.69E-04,0.760
4.69E-04,0.760
4.69E-04,0.740
4.69E-04,0.720
4.69E-04,0.740
4.70E-04,0.720
4.70E-04,0.760
4.70E-04,0.720
4.70E-04,0.740
4.70E-04,0.720
4.71E-04,0.740
4.71E-04,0.740
4.71E-04,0.740
4.71E-04,0.740
4.71E-04,0.740
4.72E-04,0.740
4.72E-04,0.720
4.72E-04,0.720
4.72E-04,0.720
4.72E-04,0.740
4.73E-04,0.700
4.73E-04,0.700
4.73E-04,0.700
4.73E-04,0.700
4.73E-04,0.720
4.74E-04,0.700
4.74E-04,0.680
4.74E-04,0.700
4.74E-04,0.700
4.74E-04,0.700
4.75E-04,0.680
4.75E-04,0.680
4.75E-04,0.660
4.75E-04,0.660
4.75E-04,0.680
4.76E-04,0.660
4.76E-04,0.680
4.76E-04,0.660
4.76E-04,0.660
4.76E-04,0.660
4.77E-04,0.660
4.77E-04,0.660
4.77E-04,0.640
4.77E-04,0.640
4.77E-04,0.640
4.78E-04,0.640
4.78E-04,0.620
4.78E-04,0.620
4.78E-04,0.620
4.78E-04,0.640
4.79E-04,0.600
4.79E-04,0.580
4.79E-04,0.580
4.79E-04,0.600
4.79E-04,0.620
4.80E-04,0.600
4.80E-04,0.600
4.80E-04,0.580
4.80E-04,0.580
4.80E-04,0.560
4.81E-04,0.580
4.81E-04,0.560
4.81E-04,0.580
4.81E-04,0.540
4.81E-04,0.580
4.82E-04,0.580
4.82E-04,0.540
4.82E-04,0.540
4.82E-04,0.540
4.82E-04,0.540
4.83E-04,0.540
4.83E-04,0.520
4.83E-04,0.500
4.83E-04,0.500
4.83E-04,0.520
4.84E-04,0.520
4.84E-04,0.500
4.84E-04,0.500
4.84E-04,0.480
4.84E-04,0.500
4.85E-04,0.500
4.85E-04,0.500
4.85E-04,0.480
4.85E-04,0.480
4.85E-04,0.460
4.86E-04,0.480
4.86E-04,0.480
4.86E-04,0.460
4.86E-04,0.460
4.86E-04,0.440
4.87E-04,0.460
4.87E-04,0.420
4.87E-04,0.440
4.87E-04,0.440
4.87E-04,0.420
4.88E-04,0.440
4.88E-04,0.400
4.88E-04,0.420
4.88E-04,0.420
4.88E-04,0.380
4.89E-04,0.400
4.89E-04,0.360
4.89E-04,0.380
4.89E-04,0.400
4.89E-04,0.380
4.90E-04,0.360
4.90E-04,0.380
4.90E-04,0.340
4.90E-04,0.340
4.90E-04,0.340
4.91E-04,0.320
4.91E-04,0.360
4.91E-04,0.360
4.91E-04,0.340
4.91E-04,0.340
4.92E-04,0.320
4.92E-04,0.300
4.92E-04,0.300
4.92E-04,0.300
4.92E-04,0.300
4.93E-04,0.300
4.93E-04,0.300
4.93E-04,0.280
4.93E-04,0.280
4.93E-04,0.260
4.94E-04,0.260
4.94E-04,0.280
4.94E-04,0.260
4.94E-04,0.280
4.94E-04,0.240
4.95E-04,0.260
4.95E-04,0.260
4.95E-04,0.240
4.95E-04,0.220
4.95E-04,0.240
4.96E-04,0.200
4.96E-04,0.220
4.96E-04,0.220
4.96E-04,0.220
4.96E-04,0.200
4.97E-04,0.200
4.97E-04,0.220
4.97E-04,0.180
4.97E-04,0.180
4.97E-04,0.180
4.98E-04,0.180
4.98E-04,0.140
4.98E-04,0.140
4.98E-04,0.140
4.98E-04,0.140
4.99E-04,0.160
4.99E-04,0.100
4.99E-04,0.120
4.99E-04,0.120
4.99E-04,0.120
5.00E-04,0.120
5.00E-04,0.100
5.00E-04,0.080
5.00E-04,0.080
5.00E-04,0.080
5.01E-04,0.080
5.01E-04,0.080
5.01E-04,0.060
5.01E-04,0.060
5.01E-04,0.060
5.02E-04,0.020
5.02E-04,0.040
5.02E-04,0.060
5.02E-04,0.020
5.02E-04,0.000
5.03E-04,0.000
5.03E-04,0.000
5.03E-04,0.000
5.03E-04,0.020
5.03E-04,0.000
5.04E-04,-0.020
5.04E-04,-0.020
5.04E-04,-0.040
5.04E-04,0.000
5.04E-04,-0.060
5.05E-04,-0.020
5.05E-04,-0.040
5.05E-04,-0.060
5.05E-04,-0.060
5.05E-04,-0.100
5.06E-04,-0.080
5.06E-04,-0.060
5.06E-04,-0.060
5.06E-04,-0.080
5.06E-04,-0.100
5.07E-04,-0.080
5.07E-04,-0.140
5.07E-04,-0.120
5.07E-04,-0.140
5.07E-04,-0.100
5.08E-04,-0.100
5.08E-04,-0.120
5.08E-04,-0.180
5.08E-04,-0.120
5.08E-04,-0.140
5.09E-04,-0.160
5.09E-04,-0.160
5.09E-04,-0.200
5.09E-04,-0.160
5.09E-04,-0.200
5.10E-04,-0.180
5.10E-04,-0.220
5.10E-04,-0.200
5.10E-04,-0.200
5.10E-04,-0.220
5.11E-04,-0.200
5.11E-04,-0.220
5.11E-04,-0.260
5.11E-04,-0.240
5.11E-04,-0.240
5.12E-04,-0.260
5.12E-04,-0.240
5.12E-04,-0.260
5.12E-04,-0.240
5.12E-04,-0.260
5.13E-04,-0.300
5.13E-04,-0.300
5.13E-04,-0.280
5.13E-04,-0.320
5.13E-04,-0.280
5.14E-04,-0.320
5.14E-04,-0.300
5.14E-04,-0.340
5.14E-04,-0.320
5.14E-04,-0.320
5.15E-04,-0.340
5.15E-04,-0.340
5.15E-04,-0.360
5.15E-04,-0.340
5.15E-04,-0.340
5.16E-04,-0.360
5.16E-04,-0.380
5.16E-04,-0.380
5.16E-04,-0.380
5.16E-04,-0.400
5.17E-04,-0.380
5.17E-04,-0.380
5.17E-04,-0.380
5.17E-04,-0.400
5.17E-04,-0.420
5.18E-04,-0.420
5.18E-04,-0.420
5.18E-04,-0.420
5.18E-04,-0.440
5.18E-04,-0.440
5.19E-04,-0.440
5.19E-04,-0.440
5.19E-04,-0.440
5.19E-04,-0.440
5.19E-04,-0.480
5.20E-04,-0.460
5.20E-04,-0.480
5.20E-04,-0.460
5.20E-04,-0.480
5.20E-04,-0.480
5.21E-04,-0.500
5.21E-04,-0.480
5.21E-04,-0.480
5.21E-04,-0.500
5.21E-04,-0.520
5.22E-04,-0.480
5.22E-04,-0.500
5.22E-04,-0.560
5.22E-04,-0.520
5.22E-04,-0.560
5.23E-04,-0.520
5.23E-04,-0.520
5.23E-04,-0.540
5.23E-04,-0.560
5.23E-04,-0.580
5.24E-04,-0.560
5.24E-04,-0.580
5.24E-04,-0.580
5.24E-04,-0.560
5.24E-04,-0.580
5.25E-04,-0.580
5.25E-04,-0.580
5.25E-04,-0.600
5.25E-04,-0.580
5.25E-04,-0.600
5.26E-04,-0.640
5.26E-04,-0.600
5.26E-04,-0.640
5.26E-04,-0.640
5.26E-04,-0.620
5.27E-04,-0.660
5.27E-04,-0.640
5.27E-04,-0.660
5.27E-04,-0.660
5.27E-04,-0.660
5.28E-04,-0.660
5.28E-04,-0.660
5.28E-04,-0.660
5.28E-04,-0.680
5.28E-04,-0.660
5.29E-04,-0.700
5.29E-04,-0.660
5.29E-04,-0.680
5.29E-04,-0.700
5.29E-04,-0.680
5.30E-04,-0.700
5.30E-04,-0.700
5.30E-04,-0.700
5.30E-04,-0.720
5.30E-04,-0.700
5.31E-04,-0.700
5.31E-04,-0.740
5.31E-04,-0.720
5.31E-04,-0.720
5.31E-04,-0.720
5.32E-04,-0.740
5.32E-04,-0.740
5.32E-04,-0.700
5.32E-04,-0.760
5.32E-04,-0.720
5.33E-04,-0.740
5.33E-04,-0.760
5.33E-04,-0.740
5.33E-04,-0.780
5.33E-04,-0.780
5.34E-04,-0.720
5.34E-04,-0.780
5.34E-04,-0.780
5.34E-04,-0.760
5.34E-04,-0.780
5.35E-04,-0.760
5.35E-04,-0.800
5.35E-04,-0.800
5.35E-04,-0.760
5.35E-04,-0.800
5.36E-04,-0.780
5.36E-04,-0.800
5.36E-04,-0.780
5.36E-04,-0.800
5.36E-04,-0.780
5.37E-04,-0.780
5.37E-04,-0.820
5.37E-04,-0.820
5.37E-04,-0.800
5.37E-04,-0.820
5.38E-04,-0.780
5.38E-04,-0.820
5.38E-04,-0.800
5.38E-04,-0.820
5.38E-04,-0.800
5.39E-04,-0.820
5.39E-04,-0.820
5.39E-04,-0.860
5.39E-04,-0.800
5.39E-04,-0.800
5.40E-04,-0.860
5.40E-04,-0.800
5.40E-04,-0.860
5.40E-04,-0.800
5.40E-04,-0.840
5.41E-04,-0.860
5.41E-04,-0.860
5.41E-04,-0.860
5.41E-04,-0.840
5.41E-04,-0.840
5.42E-04,-0.860
5.42E-04,-0.840
5.42E-04,-0.880
5.42E-04,-0.840
5.42E-04,-0.860
5.43E-04,-0.860
5.43E-04,-0.880
5.43E-04,-0.820
5.43E-04,-0.840
5.43E-04,-0.840
5.44E-04,-0.880
5.44E-04,-0.840
5.44E-04,-0.840
5.44E-04,-0.860
5.44E-04,-0.880
5.45E-04,-0.840
5.45E-04,-0.840
5.45E-04,-0.860
5.45E-04,-0.880
5.45E-04,-0.840
5.46E-04,-0.840
5.46E-04,-0.880
5.46E-04,-0.860
5.46E-04,-0.900
5.46E-04,-0.860
5.47E-04,-0.880
5.47E-04,-0.900
5.47E-04,-0.880
5.47E-04,-0.900
5.47E-04,-0.900
5.48E-04,-0.880
5.48E-04,-0.900
5.48E-04,-0.880
5.48E-04,-0.880
5.48E-04,-0.880
5.49E-04,-0.820
5.49E-04,-0.860
5.49E-04,-0.860
5.49E-04,-0.860
5.49E-04,-0.880
5.50E-04,-0.840
5.50E-04,-0.860
5.50E-04,-0.860
5.50E-04,-0.840
5.50E-04,-0.860
5.51E-04,-0.880
5.51E-04,-0.860
5.51E-04,-0.880
5.51E-04,-0.840
5.51E-04,-0.860
5.52E-04,-0.860
5.52E-04,-0.880
5.52E-04,-0.860
5.52E-04,-0.860
5.52E-04,-0.840
5.53E-04,-0.860
5.53E-04,-0.860
5.53E-04,-0.860
5.53E-04,-0.840
5.53E-04,-0.840
5.54E-04,-0.840
5.54E-04,-0.820
5.54E-04,-0.840
5.54E-04,-0.820
5.54E-04,-0.800
5.55E-04,-0.840
5.55E-04,-0.800
5.55E-04,-0.820
5.55E-04,-0.840
5.55E-04,-0.820
5.56E-04,-0.820
5.56E-04,-0.840
5.56E-04,-0.820
5.56E-04,-0.820
5.56E-04,-0.820
5.57E-04,-0.800
5.57E-04,-0.820
5.57E-04,-0.800
5.57E-04,-0.840
5.57E-04,-0.820
5.58E-04,-0.800
5.58E-04,-0.840
5.58E-04,-0.800
5.58E-04,-0.800
5.58E-04,-0.780
5.59E-04,-0.800
5.59E-04,-0.780
5.59E-04,-0.760
5.59E-04,-0.780
5.59E-04,-0.760
5.60E-04,-0.760
5.60E-04,-0.740
5.60E-04,-0.760
5.60E-04,-0.780
5.60E-04,-0.800
5.61E-04,-0.760
5.61E-04,-0.740
5.61E-04,-0.780
5.61E-04,-0.760
5.61E-04,-0.780
5.62E-04,-0.740
5.62E-04,-0.780
5.62E-04,-0.780
5.62E-04,-0.720
5.62E-04,-0.740
5.63E-04,-0.720
5.63E-04,-0.720
5.63E-04,-0.760
5.63E-04,-0.720
5.63E-04,-0.720
5.64E-04,-0.720
5.64E-04,-0.700
5.64E-04,-0.740
5.64E-04,-0.720
5.64E-04,-0.700
5.65E-04,-0.720
5.65E-04,-0.700
5.65E-04,-0.700
5.65E-04,-0.700
5.65E-04,-0.660
5.66E-04,-0.700
5.66E-04,-0.680
5.66E-04,-0.660
5.66E-04,-0.700
5.66E-04,-0.660
5.67E-04,-0.660
5.67E-04,-0.660
5.67E-04,-0.660
5.67E-04,-0.660
5.67E-04,-0.640
5.68E-04,-0.640
5.68E-04,-0.640
5.68E-04,-0.640
5.68E-04,-0.640
5.68E-04,-0.620
5.69E-04,-0.620
5.69E-04,-0.640
5.69E-04,-0.600
5.69E-04,-0.600
5.69E-04,-0.600
5.70E-04,-0.600
5.70E-04,-0.600
5.70E-04,-0.580
5.70E-04,-0.580
5.70E-04,-0.620
5.71E-04,-0.560
5.71E-04,-0.600
5.71E-04,-0.560
5.71E-04,-0.560
5.71E-04,-0.580
5.72E-04,-0.520
5.72E-04,-0.560
5.72E-04,-0.560
5.72E-04,-0.540
5.72E-04,-0.540
5.73E-04,-0.540
5.73E-04,-0.500
5.73E-04,-0.540
5.73E-04,-0.500
5.73E-04,-0.520
5.74E-04,-0.520
5.74E-04,-0.500
5.74E-04,-0.500
5.74E-04,-0.480
5.74E-04,-0.480
5.75E-04,-0.480
5.75E-04,-0.480
5.75E-04,-0.460
5.75E-04,-0.480
5.75E-04,-0.440
5.76E-04,-0.480
5.76E-04,-0.440
5.76E-04,-0.460
5.76E-04,-0.440
5.76E-04,-0.420
5.77E-04,-0.420
5.77E-04,-0.420
5.77E-04,-0.420
5.77E-04,-0.420
5.77E-04,-0.420
5.78E-04,-0.400
5.78E-04,-0.400
5.78E-04,-0.380
5.78E-04,-0.380
5.78E-04,-0.380
5.79E-04,-0.380
5.79E-04,-0.360
5.79E-04,-0.340
5.79E-04,-0.360
5.79E-04,-0.380
5.80E-04,-0.360
5.80E-04,-0.340
5.80E-04,-0.320
5.80E-04,-0.320
5.80E-04,-0.340
5.81E-04,-0.340
5.81E-04,-0.300
5.81E-04,-0.300
5.81E-04,-0.280
5.81E-04,-0.320
5.82E-04,-0.300
5.82E-04,-0.300
5.82E-04,-0.300
5.82E-04,-0.280
5.82E-04,-0.260
5.83E-04,-0.260
5.83E-04,-0.240
5.83E-04,-0.280
5.83E-04,-0.260
5.83E-04,-0.240
5.84E-04,-0.260
5.84E-04,-0.220
5.84E-04,-0.240
5.84E-04,-0.180
5.84E-04,-0.220
5.85E-04,-0.220
5.85E-04,-0.180
5.85E-04,-0.200
5.85E-04,-0.180
5.85E-04,-0.160
5.86E-04,-0.180
5.86E-04,-0.160
5.86E-04,-0.140
5.86E-04,-0.140
5.86E-04,-0.160
5.87E-04,-0.160
5.87E-04,-0.120
5.87E-04,-0.120
5.87E-04,-0.140
5.87E-04,-0.120
5.88E-04,-0.100
5.88E-04,-0.120
5.88E-04,-0.120
5.88E-04,-0.120
5.88E-04,-0.100
5.89E-04,-0.080
5.89E-04,-0.120
5.89E-04,-0.080
5.89E-04,-0.060
5.89E-04,-0.040
5.90E-04,-0.060
5.90E-04,-0.060
5.90E-04,-0.060
5.90E-04,-0.040
5.90E-04,-0.040
5.91E-04,-0.020
5.91E-04,-0.020
5.91E-04,-0.020
5.91E-04,0.000
5.91E-04,0.000
5.92E-04,0.000
5.92E-04,0.020
5.92E-04,-0.020
5.92E-04,0.020
5.92E-04,0.000
5.93E-04,0.020
5.93E-04,0.040
5.93E-04,0.020
5.93E-04,0.040
5.93E-04,0.060
5.94E-04,0.020
5.94E-04,0.060
5.94E-04,0.040
5.94E-04,0.080
5.94E-04,0.040
5.95E-04,0.080
5.95E-04,0.080
5.95E-04,0.080
5.95E-04,0.060
5.95E-04,0.100
5.96E-04,0.120
5.96E-04,0.120
5.96E-04,0.100
5.96E-04,0.120
5.96E-04,0.100
5.97E-04,0.140
5.97E-04,0.140
5.97E-04,0.140
5.97E-04,0.160
5.97E-04,0.160
5.98E-04,0.160
5.98E-04,0.160
5.98E-04,0.200
5.98E-04,0.160
5.98E-04,0.180
5.99E-04,0.160
5.99E-04,0.200
5.99E-04,0.200
5.99E-04,0.220
5.99E-04,0.200
6.00E-04,0.240
6.00E-04,0.240
6.00E-04,0.200
6.00E-04,0.260
6.00E-04,0.220
6.01E-04,0.220
6.01E-04,0.240
6.01E-04,0.240
6.01E-04,0.280
6.01E-04,0.260
6.02E-04,0.240
6.02E-04,0.280
6.02E-04,0.260
6.02E-04,0.280
6.02E-04,0.280
6.03E-04,0.300
6.03E-04,0.300
6.03E-04,0.280
6.03E-04,0.320
6.03E-04,0.320
6.04E-04,0.300
6.04E-04,0.340
6.04E-04,0.340
6.04E-04,0.320
6.04E-04,0.340
6.05E-04,0.340
6.05E-04,0.340
6.05E-04,0.360
6.05E-04,0.340
6.05E-04,0.380
6.06E-04,0.360
6.06E-04,0.360
6.06E-04,0.360
6.06E-04,0.380
6.06E-04,0.380
6.07E-04,0.400
6.07E-04,0.380
6.07E-04,0.400
6.07E-04,0.380
6.07E-04,0.400
6.08E-04,0.400
6.08E-04,0.400
6.08E-04,0.420
6.08E-04,0.420
6.08E-04,0.420
6.09E-04,0.440
6.09E-04,0.420
6.09E-04,0.440
6.09E-04,0.440
6.09E-04,0.420
6.10E-04,0.420
6.10E-04,0.440
6.10E-04,0.440
6.10E-04,0.460
6.10E-04,0.460
6.11E-04,0.480
6.11E-04,0.500
6.11E-04,0.480
6.11E-04,0.500
6.11E-04,0.480
6.12E-04,0.520
6.12E-04,0.480
6.12E-04,0.500
6.12E-04,0.520
6.12E-04,0.520
6.13E-04,0.520
6.13E-04,0.500
6.13E-04,0.540
6.13E-04,0.540
6.13E-04,0.520
6.14E-04,0.540
6.14E-04,0.520
6.14E-04,0.560
6.14E-04,0.560
6.14E-04,0.560
6.15E-04,0.580
6.15E-04,0.560
6.15E-04,0.560
6.15E-04,0.580
6.15E-04,0.560
6.16E-04,0.560
6.16E-04,0.580
6.16E-04,0.600
6.16E-04,0.600
6.16E-04,0.600
6.17E-04,0.600
6.17E-04,0.580
6.17E-04,0.600
6.17E-04,0.600
6.17E-04,0.600
6.18E-04,0.600
6.18E-04,0.600
6.18E-04,0.620
6.18E-04,0.640
6.18E-04,0.620
6.19E-04,0.640
6.19E-04,0.640
6.19E-04,0.640
6.19E-04,0.660
6.19E-04,0.640
6.20E-04,0.640
6.20E-04,0.660
6.20E-04,0.640
6.20E-04,0.660
6.20E-04,0.660
6.21E-04,0.660
6.21E-04,0.680
6.21E-04,0.660
6.21E-04,0.660
6.21E-04,0.680
6.22E-04,0.660
6.22E-04,0.680
6.22E-04,0.660
6.22E-04,0.700
6.22E-04,0.700
6.23E-04,0.680
6.23E-04,0.700
6.23E-04,0.700
6.23E-04,0.680
6.23E-04,0.720
6.24E-04,0.700
6.24E-04,0.700
6.24E-04,0.720
6.24E-04,0.720
6.24E-04,0.700
6.25E-04,0.700
6.25E-04,0.700
6.25E-04,0.740
6.25E-04,0.700
6.25E-04,0.720
6.26E-04,0.740
6.26E-04,0.720
6.26E-04,0.740
6.26E-04,0.720
6.26E-04,0.740
6.27E-04,0.760
6.27E-04,0.740
6.27E-04,0.740
6.27E-04,0.720
6.27E-04,0.760
6.28E-04,0.740
6.28E-04,0.760
6.28E-04,0.760
6.28E-04,0.760
6.28E-04,0.760
6.29E-04,0.760
6.29E-04,0.780
6.29E-04,0.740
6.29E-04,0.760
6.29E-04,0.780
6.30E-04,0.760
6.30E-04,0.780
6.30E-04,0.780
6.30E-04,0.780
6.30E-04,0.780
6.31E-04,0.760
6.31E-04,0.780
6.31E-04,0.780
6.31E-04,0.800
6.31E-04,0.800
6.32E-04,0.800
6.32E-04,0.780
6.32E-04,0.820
6.32E-04,0.760
6.32E-04,0.800
6.33E-04,0.780
6.33E-04,0.780
6.33E-04,0.800
6.33E-04,0.820
6.33E-04,0.780
6.34E-04,0.800
6.34E-04,0.820
6.34E-04,0.780
6.34E-04,0.800
6.34E-04,0.820
6.35E-04,0.800
6.35E-04,0.820
6.35E-04,0.780
6.35E-04,0.820
6.35E-04,0.840
6.36E-04,0.800
6.36E-04,0.840
6.36E-04,0.840
6.36E-04,0.800
6.36E-04,0.840
6.37E-04,0.840
6.37E-04,0.820
6.37E-04,0.840
6.37E-04,0.840
6.37E-04,0.860
6.38E-04,0.800
6.38E-04,0.820
6.38E-04,0.860
6.38E-04,0.820
6.38E-04,0.820
6.39E-04,0.800
6.39E-04,0.820
6.39E-04,0.820
6.39E-04,0.800
6.39E-04,0.860
6.40E-04,0.840
6.40E-04,0.860
6.40E-04,0.860
6.40E-04,0.860
6.40E-04,0.820
6.41E-04,0.840
6.41E-04,0.860
6.41E-04,0.840
6.41E-04,0.860
6.41E-04,0.840
6.42E-04,0.840
6.42E-04,0.860
6.42E-04,0.840
6.42E-04,0.840
6.42E-04,0.840
6.43E-04,0.820
6.43E-04,0.860
6.43E-04,0.860
6.43E-04,0.880
6.43E-04,0.820
6.44E-04,0.820
6.44E-04,0.860
6.44E-04,0.840
6.44E-04,0.840
6.44E-04,0.860
6.45E-04,0.860
6.45E-04,0.840
6.45E-04,0.840
6.45E-04,0.840
6.45E-04,0.860
6.46E-04,0.840
6.46E-04,0.840
6.46E-04,0.860
6.46E-04,0.840
6.46E-04,0.860
6.47E-04,0.860
6.47E-04,0.840
6.47E-04,0.860
6.47E-04,0.840
6.47E-04,0.860
6.48E-04,0.860
6.48E-04,0.820
6.48E-04,0.860
6.48E-04,0.860
6.48E-04,0.840
6.49E-04,0.840
6.49E-04,0.840
6.49E-04,0.840
6.49E-04,0.840
6.49E-04,0.840
6.50E-04,0.860
6.50E-04,0.860
6.50E-04,0.860
6.50E-04,0.820
6.50E-04,0.840
6.51E-04,0.860
6.51E-04,0.840
6.51E-04,0.820
6.51E-04,0.860
6.51E-04,0.820
6.52E-04,0.840
6.52E-04,0.840
6.52E-04,0.840
6.52E-04,0.820
6.52E-04,0.840
6.53E-04,0.840
6.53E-04,0.860
6.53E-04,0.840
6.53E-04,0.840
6.53E-04,0.860
6.54E-04,0.820
6.54E-04,0.820
6.54E-04,0.840
6.54E-04,0.840
6.54E-04,0.820
6.55E-04,0.860
6.55E-04,0.860
6.55E-04,0.800
6.55E-04,0.840
6.55E-04,0.820
6.56E-04,0.860
6.56E-04,0.840
6.56E-04,0.800
6.56E-04,0.820
6.56E-04,0.820
6.57E-04,0.820
6.57E-04,0.820
6.57E-04,0.840
6.57E-04,0.820
6.57E-04,0.800
6.58E-04,0.820
6.58E-04,0.820
6.58E-04,0.840
6.58E-04,0.800
6.58E-04,0.800
6.59E-04,0.820
6.59E-04,0.780
6.59E-04,0.800
6.59E-04,0.800
6.59E-04,0.820
6.60E-04,0.800
6.60E-04,0.800
6.60E-04,0.800
6.60E-04,0.820
6.60E-04,0.780
6.61E-04,0.780
6.61E-04,0.780
6.61E-04,0.780
6.61E-04,0.800
6.61E-04,0.800
6.62E-04,0.820
6.62E-04,0.800
6.62E-04,0.820
6.62E-04,0.800
6.62E-04,0.760
6.63E-04,0.780
6.63E-04,0.780
6.63E-04,0.760
6.63E-04,0.760
6.63E-04,0.760
6.64E-04,0.760
6.64E-04,0.760
6.64E-04,0.760
6.64E-04,0.760
6.64E-04,0.760
6.65E-04,0.760
6.65E-04,0.760
6.65E-04,0.780
6.65E-04,0.760
6.65E-04,0.780
6.66E-04,0.720
6.66E-04,0.740
6.66E-04,0.740
6.66E-04,0.720
6.66E-04,0.740
6.67E-04,0.740
6.67E-04,0.760
6.67E-04,0.720
6.67E-04,0.720
6.67E-04,0.760
6.68E-04,0.740
6.68E-04,0.740
6.68E-04,0.700
6.68E-04,0.700
6.68E-04,0.700
6.69E-04,0.700
6.69E-04,0.700
6.69E-04,0.700
6.69E-04,0.700
6.69E-04,0.700
6.70E-04,0.720
6.70E-04,0.700
6.70E-04,0.700
6.70E-04,0.700
6.70E-04,0.680
6.71E-04,0.680
6.71E-04,0.660
6.71E-04,0.660
6.71E-04,0.680
6.71E-04,0.660
6.72E-04,0.660
6.72E-04,0.660
6.72E-04,0.640
6.72E-04,0.660
6.72E-04,0.660
6.73E-04,0.660
6.73E-04,0.660
6.73E-04,0.660
6.73E-04,0.640
6.73E-04,0.640
6.74E-04,0.640
6.74E-04,0.620
6.74E-04,0.640
6.74E-04,0.640
6.74E-04,0.620
6.75E-04,0.620
6.75E-04,0.580
6.75E-04,0.600
6.75E-04,0.620
6.75E-04,0.600
6.76E-04,0.600
6.76E-04,0.600
6.76E-04,0.600
6.76E-04,0.560
6.76E-04,0.600
6.77E-04,0.580
6.77E-04,0.580
6.77E-04,0.560
6.77E-04,0.580
6.77E-04,0.580
6.78E-04,0.560
6.78E-04,0.540
6.78E-04,0.560
6.78E-04,0.560
6.78E-04,0.540
6.79E-04,0.520
6.79E-04,0.540
6.79E-04,0.540
6.79E-04,0.540
6.79E-04,0.540
6.80E-04,0.520
6.80E-04,0.500
6.80E-04,0.500
6.80E-04,0.480
6.80E-04,0.500
6.81E-04,0.480
6.81E-04,0.480
6.81E-04,0.480
6.81E-04,0.480
6.81E-04,0.460
6.82E-04,0.460
6.82E-04,0.460
6.82E-04,0.480
6.82E-04,0.460
6.82E-04,0.440
6.83E-04,0.440
6.83E-04,0.440
6.83E-04,0.420
6.83E-04,0.420
6.83E-04,0.420
6.84E-04,0.400
6.84E-04,0.440
6.84E-04,0.420
6.84E-04,0.400
6.84E-04,0.420
6.85E-04,0.400
6.85E-04,0.400
6.85E-04,0.400
6.85E-04,0.400
6.85E-04,0.380
6.86E-04,0.380
6.86E-04,0.380
6.86E-04,0.360
6.86E-04,0.380
6.86E-04,0.360
6.87E-04,0.340
6.87E-04,0.360
6.87E-04,0.360
6.87E-04,0.320
6.87E-04,0.320
6.88E-04,0.340
6.88E-04,0.320
6.88E-04,0.320
6.88E-04,0.320
6.88E-04,0.300
6.89E-04,0.300
6.89E-04,0.300
6.89E-04,0.300
6.89E-04,0.300
6.89E-04,0.280
6.90E-04,0.260
6.90E-04,0.280
6.90E-04,0.260
6.90E-04,0.260
6.90E-04,0.280
6.91E-04,0.260
6.91E-04,0.220
6.91E-04,0.240
6.91E-04,0.220
6.91E-04,0.220
6.92E-04,0.200
6.92E-04,0.240
6.92E-04,0.220
6.92E-04,0.200
6.92E-04,0.200
6.93E-04,0.180
6.93E-04,0.160
6.93E-04,0.200
6.93E-04,0.160
6.93E-04,0.140
6.94E-04,0.180
6.94E-04,0.140
6.94E-04,0.180
6.94E-04,0.140
6.94E-04,0.180
6.95E-04,0.120
6.95E-04,0.120
6.95E-04,0.140
6.95E-04,0.100
6.95E-04,0.120
6.96E-04,0.120
6.96E-04,0.120
6.96E-04,0.120
6.96E-04,0.100
6.96E-04,0.080
6.97E-04,0.080
6.97E-04,0.080
6.97E-04,0.080
6.97E-04,0.060
6.97E-04,0.040
6.98E-04,0.040
6.98E-04,0.040
6.98E-04,0.040
6.98E-04,0.020
6.98E-04,0.040
6.99E-04,0.040
6.99E-04,0.040
6.99E-04,0.000
6.99E-04,0.000
6.99E-04,0.000
7.00E-04,-0.020
7.00E-04,0.000
7.00E-04,0.000
7.00E-04,0.000
7.00E-04,-0.040
7.01E-04,-0.020
7.01E-04,-0.040
7.01E-04,-0.040
7.01E-04,-0.040
7.01E-04,-0.060
7.02E-04,-0.060
7.02E-04,-0.040
7.02E-04,-0.080
7.02E-04,-0.080
7.02E-04,-0.080
7.03E-04,-0.100
7.03E-04,-0.100
7.03E-04,-0.140
7.03E-04,-0.120
7.03E-04,-0.120
7.04E-04,-0.160
7.04E-04,-0.140
7.04E-04,-0.120
7.04E-04,-0.120
7.04E-04,-0.140
7.05E-04,-0.160
7.05E-04,-0.180
7.05E-04,-0.180
7.05E-04,-0.180
7.05E-04,-0.180
7.06E-04,-0.160
7.06E-04,-0.180
7.06E-04,-0.160
7.06E-04,-0.220
7.06E-04,-0.240
7.07E-04,-0.200
7.07E-04,-0.220
7.07E-04,-0.200
7.07E-04,-0.200
7.07E-04,-0.240
7.08E-04,-0.240
7.08E-04,-0.260
7.08E-04,-0.260
7.08E-04,-0.220
7.08E-04,-0.260
7.09E-04,-0.280
7.09E-04,-0.280
7.09E-04,-0.260
7.09E-04,-0.300
7.09E-04,-0.300
7.10E-04,-0.300
7.10E-04,-0.320
7.10E-04,-0.300
7.10E-04,-0.340
7.10E-04,-0.300
7.11E-04,-0.320
7.11E-04,-0.340
7.11E-04,-0.340
7.11E-04,-0.340
7.11E-04,-0.360
7.12E-04,-0.340
7.12E-04,-0.380
7.12E-04,-0.380
7.12E-04,-0.360
7.12E-04,-0.380
7.13E-04,-0.380
7.13E-04,-0.400
7.13E-04,-0.380
7.13E-04,-0.400
7.13E-04,-0.400
7.14E-04,-0.420
7.14E-04,-0.400
7.14E-04,-0.400
7.14E-04,-0.400
7.14E-04,-0.420
7.15E-04,-0.440
7.15E-04,-0.420
7.15E-04,-0.440
7.15E-04,-0.460
7.15E-04,-0.440
7.16E-04,-0.460
7.16E-04,-0.460
7.16E-04,-0.480
7.16E-04,-0.460
7.16E-04,-0.500
7.17E-04,-0.480
7.17E-04,-0.500
7.17E-04,-0.500
7.17E-04,-0.500
7.17E-04,-0.520
7.18E-04,-0.500
7.18E-04,-0.520
7.18E-04,-0.520
7.18E-04,-0.520
7.18E-04,-0.520
7.19E-04,-0.540
7.19E-04,-0.520
7.19E-04,-0.580
7.19E-04,-0.520
7.19E-04,-0.560
7.20E-04,-0.540
7.20E-04,-0.560
7.20E-04,-0.540
7.20E-04,-0.560
7.20E-04,-0.560
7.21E-04,-0.580
7.21E-04,-0.600
7.21E-04,-0.560
7.21E-04,-0.620
7.21E-04,-0.580
7.22E-04,-0.620
7.22E-04,-0.620
7.22E-04,-0.580
7.22E-04,-0.660
7.22E-04,-0.600
7.23E-04,-0.660
7.23E-04,-0.660
7.23E-04,-0.680
7.23E-04,-0.660
7.23E-04,-0.660
7.24E-04,-0.660
7.24E-04,-0.660
7.24E-04,-0.660
7.24E-04,-0.640
7.24E-04,-0.660
7.25E-04,-0.660
7.25E-04,-0.680
7.25E-04,-0.680
7.25E-04,-0.660
7.25E-04,-0.680
7.26E-04,-0.700
7.26E-04,-0.700
7.26E-04,-0.700
7.26E-04,-0.700
7.26E-04,-0.680
7.27E-04,-0.700
7.27E-04,-0.700
7.27E-04,-0.720
7.27E-04,-0.720
7.27E-04,-0.720
7.28E-04,-0.740
7.28E-04,-0.720
7.28E-04,-0.740
7.28E-04,-0.740
7.28E-04,-0.740
7.29E-04,-0.720
7.29E-04,-0.760
7.29E-04,-0.740
7.29E-04,-0.740
7.29E-04,-0.780
7.30E-04,-0.780
7.30E-04,-0.740
7.30E-04,-0.780
7.30E-04,-0.800
7.30E-04,-0.720
7.31E-04,-0.780
7.31E-04,-0.760
7.31E-04,-0.800
7.31E-04,-0.780
7.31E-04,-0.780
7.32E-04,-0.780
7.32E-04,-0.780
7.32E-04,-0.820
7.32E-04,-0.780
7.32E-04,-0.780
7.33E-04,-0.840
7.33E-04,-0.800
7.33E-04,-0.800
7.33E-04,-0.840
7.33E-04,-0.800
7.34E-04,-0.800
7.34E-04,-0.800
7.34E-04,-0.800
7.34E-04,-0.800
7.34E-04,-0.820
7.35E-04,-0.840
7.35E-04,-0.840
7.35E-04,-0.800
7.35E-04,-0.800
7.35E-04,-0.820
7.36E-04,-0.840
7.36E-04,-0.840
7.36E-04,-0.820
7.36E-04,-0.820
7.36E-04,-0.820
7.37E-04,-0.840
7.37E-04,-0.860
7.37E-04,-0.840
7.37E-04,-0.840
7.37E-04,-0.840
7.38E-04,-0.840
7.38E-04,-0.860
7.38E-04,-0.840
7.38E-04,-0.880
7.38E-04,-0.840
7.39E-04,-0.860
7.39E-04,-0.860
7.39E-04,-0.880
7.39E-04,-0.820
7.39E-04,-0.860
7.40E-04,-0.880
7.40E-04,-0.860
7.40E-04,-0.840
7.40E-04,-0.840
7.40E-04,-0.860
7.41E-04,-0.840
7.41E-04,-0.860
7.41E-04,-0.860
7.41E-04,-0.860
7.41E-04,-0.860
7.42E-04,-0.880
7.42E-04,-0.860
7.42E-04,-0.900
7.42E-04,-0.880
7.42E-04,-0.840
7.43E-04,-0.840
7.43E-04,-0.860
7.43E-04,-0.880
7.43E-04,-0.860
7.43E-04,-0.880
7.44E-04,-0.840
7.44E-04,-0.840
7.44E-04,-0.860
7.44E-04,-0.840
7.44E-04,-0.840
7.45E-04,-0.880
7.45E-04,-0.840
7.45E-04,-0.900
7.45E-04,-0.860
7.45E-04,-0.840
7.46E-04,-0.840
7.46E-04,-0.860
7.46E-04,-0.840
7.46E-04,-0.840
7.46E-04,-0.860
7.47E-04,-0.880
7.47E-04,-0.880
7.47E-04,-0.860
7.47E-04,-0.860
7.47E-04,-0.860
7.48E-04,-0.840
7.48E-04,-0.820
7.48E-04,-0.860
7.48E-04,-0.860
7.48E-04,-0.860
7.49E-04,-0.880
7.49E-04,-0.880
7.49E-04,-0.820
7.49E-04,-0.840
7.49E-04,-0.840
7.50E-04,-0.820
7.50E-04,-0.840
7.50E-04,-0.820
7.50E-04,-0.820
7.50E-04,-0.840
7.51E-04,-0.820
7.51E-04,-0.860
7.51E-04,-0.820
7.51E-04,-0.820
7.51E-04,-0.800
7.52E-04,-0.820
7.52E-04,-0.820
7.52E-04,-0.820
7.52E-04,-0.820
7.52E-04,-0.820
7.53E-04,-0.820
7.53E-04,-0.800
7.53E-04,-0.820
7.53E-04,-0.820
7.53E-04,-0.780
7.54E-04,-0.780
7.54E-04,-0.800
7.54E-04,-0.780
7.54E-04,-0.800
7.54E-04,-0.820
7.55E-04,-0.780
7.55E-04,-0.800
7.55E-04,-0.760
7.55E-04,-0.800
7.55E-04,-0.760
7.56E-04,-0.780
7.56E-04,-0.780
7.56E-04,-0.780
7.56E-04,-0.760
7.56E-04,-0.760
7.57E-04,-0.780
7.57E-04,-0.720
7.57E-04,-0.760
7.57E-04,-0.760
7.57E-04,-0.760
7.58E-04,-0.760
7.58E-04,-0.760
7.58E-04,-0.720
7.58E-04,-0.760
7.58E-04,-0.740
7.59E-04,-0.740
7.59E-04,-0.740
7.59E-04,-0.720
7.59E-04,-0.740
7.59E-04,-0.700
7.60E-04,-0.720
7.60E-04,-0.720
7.60E-04,-0.700
7.60E-04,-0.720
7.60E-04,-0.700
7.61E-04,-0.700
7.61E-04,-0.700
7.61E-04,-0.700
7.61E-04,-0.700
7.61E-04,-0.720
7.62E-04,-0.700
7.62E-04,-0.720
7.62E-04,-0.660
7.62E-04,-0.680
7.62E-04,-0.680
7.63E-04,-0.680
7.63E-04,-0.660
7.63E-04,-0.660
7.63E-04,-0.660
7.63E-04,-0.660
7.64E-04,-0.660
7.64E-04,-0.640
7.64E-04,-0.660
7.64E-04,-0.620
7.64E-04,-0.660
7.65E-04,-0.600
7.65E-04,-0.600
7.65E-04,-0.620
7.65E-04,-0.620
7.65E-04,-0.620
7.66E-04,-0.620
7.66E-04,-0.600
7.66E-04,-0.620
7.66E-04,-0.560
7.66E-04,-0.580
7.67E-04,-0.560
7.67E-04,-0.580
7.67E-04,-0.580
7.67E-04,-0.580
7.67E-04,-0.560
7.68E-04,-0.560
7.68E-04,-0.540
7.68E-04,-0.540
7.68E-04,-0.580
7.68E-04,-0.540
7.69E-04,-0.540
7.69E-04,-0.540
7.69E-04,-0.520
7.69E-04,-0.520
7.69E-04,-0.500
7.70E-04,-0.520
7.70E-04,-0.480
7.70E-04,-0.500
7.70E-04,-0.500
7.70E-04,-0.480
7.71E-04,-0.500
7.71E-04,-0.460
7.71E-04,-0.480
7.71E-04,-0.440
7.71E-04,-0.480
7.72E-04,-0.480
7.72E-04,-0.460
7.72E-04,-0.440
7.72E-04,-0.440
7.72E-04,-0.460
7.73E-04,-0.420
7.73E-04,-0.420
7.73E-04,-0.420
7.73E-04,-0.440
7.73E-04,-0.420
7.74E-04,-0.380
7.74E-04,-0.420
7.74E-04,-0.400
7.74E-04,-0.400
7.74E-04,-0.400
7.75E-04,-0.400
7.75E-04,-0.360
7.75E-04,-0.360
7.75E-04,-0.360
7.75E-04,-0.360
7.76E-04,-0.360
7.76E-04,-0.340
7.76E-04,-0.340
7.76E-04,-0.320
7.76E-04,-0.340
7.77E-04,-0.340
7.77E-04,-0.320
7.77E-04,-0.320
7.77E-04,-0.300
7.77E-04,-0.280
7.78E-04,-0.280
7.78E-04,-0.280
7.78E-04,-0.300
7.78E-04,-0.280
7.78E-04,-0.260
7.79E-04,-0.300
7.79E-04,-0.260
7.79E-04,-0.220
7.79E-04,-0.240
7.79E-04,-0.240
7.80E-04,-0.240
7.80E-04,-0.240
7.80E-04,-0.220
7.80E-04,-0.220
7.80E-04,-0.220
7.81E-04,-0.220
7.81E-04,-0.220
7.81E-04,-0.200
7.81E-04,-0.180
7.81E-04,-0.200
7.82E-04,-0.160
7.82E-04,-0.200
7.82E-04,-0.180
7.82E-04,-0.140
7.82E-04,-0.160
7.83E-04,-0.140
7.83E-04,-0.160
7.83E-04,-0.140
7.83E-04,-0.100
7.83E-04,-0.140
7.84E-04,-0.100
7.84E-04,-0.120
7.84E-04,-0.120
7.84E-04,-0.100
7.84E-04,-0.120
7.85E-04,-0.080
7.85E-04,-0.060
7.85E-04,-0.100
7.85E-04,-0.080
7.85E-04,-0.080
7.86E-04,-0.080
7.86E-04,-0.040
7.86E-04,-0.060
7.86E-04,-0.080
7.86E-04,-0.020
7.87E-04,-0.020
7.87E-04,-0.040
7.87E-04,-0.040
7.87E-04,-0.040
7.87E-04,0.000
7.88E-04,-0.040
7.88E-04,0.000
7.88E-04,-0.020
7.88E-04,-0.020
7.88E-04,0.020
7.89E-04,0.020
7.89E-04,0.020
7.89E-04,0.020
7.89E-04,0.020
7.89E-04,0.040
7.90E-04,0.040
7.90E-04,0.060
7.90E-04,0.040
7.90E-04,0.020
7.90E-04,0.060
7.91E-04,0.080
7.91E-04,0.060
7.91E-04,0.080
7.91E-04,0.060
7.91E-04,0.100
7.92E-04,0.100
7.92E-04,0.100
7.92E-04,0.120
7.92E-04,0.120
7.92E-04,0.080
7.93E-04,0.140
7.93E-04,0.120
7.93E-04,0.160
7.93E-04,0.140
7.93E-04,0.120
7.94E-04,0.140
7.94E-04,0.180
7.94E-04,0.160
7.94E-04,0.140
7.94E-04,0.160
7.95E-04,0.160
7.95E-04,0.220
7.95E-04,0.180
7.95E-04,0.180
7.95E-04,0.200
7.96E-04,0.180
7.96E-04,0.200
7.96E-04,0.220
7.96E-04,0.200
7.96E-04,0.220
7.97E-04,0.240
7.97E-04,0.240
7.97E-04,0.280
7.97E-04,0.240
7.97E-04,0.240
7.98E-04,0.280
7.98E-04,0.260
7.98E-04,0.260
7.98E-04,0.300
7.98E-04,0.280
7.99E-04,0.300
7.99E-04,0.280
7.99E-04,0.280
7.99E-04,0.320
7.99E-04,0.300
8.00E-04,0.320
8.00E-04,0.300
8.00E-04,0.320
8.00E-04,0.300
8.00E-04,0.320
8.01E-04,0.340
8.01E-04,0.320
8.01E-04,0.340
8.01E-04,0.340
8.01E-04,0.360
8.02E-04,0.360
8.02E-04,0.360
8.02E-04,0.360
8.02E-04,0.360
8.02E-04,0.380
8.03E-04,0.360
8.03E-04,0.400
8.03E-04,0.400
8.03E-04,0.400
8.03E-04,0.400
8.04E-04,0.400
8.04E-04,0.400
8.04E-04,0.420
8.04E-04,0.420
8.04E-04,0.420
8.05E-04,0.420
8.05E-04,0.440
8.05E-04,0.440
8.05E-04,0.420
8.05E-04,0.440
8.06E-04,0.420
8.06E-04,0.480
8.06E-04,0.440
8.06E-04,0.480
8.06E-04,0.480
8.07E-04,0.440
8.07E-04,0.480
8.07E-04,0.480
8.07E-04,0.460
8.07E-04,0.500
8.08E-04,0.500
8.08E-04,0.500
8.08E-04,655.320
8.08E-04,655.280
8.08E-04,-655.360
8.09E-04,654.840
8.09E-04,655.340
8.09E-04,-636.800
8.09E-04,-640.480
8.09E-04,-637.320
8.10E-04,-655.320
8.10E-04,654.460
8.10E-04,-655.060
8.10E-04,655.260
8.10E-04,655.300
8.11E-04,654.980
8.11E-04,654.840
8.11E-04,646.160
8.11E-04,654.840
8.11E-04,-654.860
8.12E-04,654.800
8.12E-04,654.860
8.12E-04,-655.060
8.12E-04,654.820
8.12E-04,654.980
8.13E-04,655.260
8.13E-04,655.020
8.13E-04,-655.280
8.13E-04,-638.560
8.13E-04,655.340
8.14E-04,649.200
8.14E-04,-655.320
8.14E-04,-654.900
8.14E-04,654.820
8.14E-04,655.320
8.15E-04,-654.980
8.15E-04,-655.200
8.15E-04,-654.920
8.15E-04,-654.880
8.15E-04,654.860
8.16E-04,654.860
8.16E-04,-654.900
8.16E-04,645.700
8.16E-04,-655.020
8.16E-04,636.800
8.17E-04,655.340
8.17E-04,-654.960
8.17E-04,-654.980
8.17E-04,655.160
8.17E-04,-653.120
8.18E-04,-655.360
8.18E-04,-655.200
8.18E-04,-655.360
8.18E-04,-654.860
8.18E-04,-654.860
8.19E-04,655.320
8.19E-04,655.120
8.19E-04,654.860
8.19E-04,652.980
8.19E-04,-654.840
8.20E-04,-655.260
8.20E-04,-636.920
8.20E-04,-654.860
8.20E-04,655.320
8.20E-04,654.800
8.21E-04,654.820
8.21E-04,-655.340
8.21E-04,654.840
8.21E-04,-655.180
8.21E-04,655.080
8.22E-04,655.340
8.22E-04,654.900
8.22E-04,-654.860
8.22E-04,655.080
8.22E-04,-654.900
8.23E-04,-654.880
8.23E-04,-655.100
8.23E-04,-655.320
8.23E-04,654.840
8.23E-04,-655.340
8.24E-04,654.980
8.24E-04,655.320
8.24E-04,654.980
8.24E-04,655.320
8.24E-04,654.840
8.25E-04,655.240
8.25E-04,654.840
8.25E-04,-654.880
8.25E-04,655.060
8.25E-04,655.320
8.26E-04,-654.840
8.26E-04,636.800
8.26E-04,-655.360
8.26E-04,-643.680
8.26E-04,652.020
8.27E-04,655.300
8.27E-04,655.340
8.27E-04,655.240
8.27E-04,640.260
8.27E-04,655.200
8.28E-04,654.840
8.28E-04,655.320
8.28E-04,0.000
8.28E-04,0.000
8.28E-04,0.000
8.29E-04,0.000
8.29E-04,0.000
8.29E-04,0.000
8.29E-04,0.000
8.29E-04,0.000
8.30E-04,0.000
8.30E-04,0.000
8.30E-04,0.000
8.30E-04,0.000
8.30E-04,0.000
8.31E-04,0.000
8.31E-04,0.000
8.31E-04,0.000
8.31E-04,0.000
8.31E-04,0.000
8.32E-04,0.000
8.32E-04,0.000
8.32E-04,0.000
8.32E-04,0.000
8.32E-04,0.000
8.33E-04,0.000
8.33E-04,0.000
